"CategoryCorrect","CategoryLeft","CategoryRight","Condition","Exemplar","acc","accuracy","age","average_response_time","avg_rt","background","bidi","canvas_backend","clock_backend","color_backend","compensation","confidence_rating","coordinates","correct","correct_button_get_response","correct_button_get_response_0","correct_button_get_start_click","correct_button_get_start_click_0","correct_get_response","correct_get_response_0","correct_get_start_click","correct_get_start_click_0","count_ISI","count_ISI_0","count_age","count_confidence_likert","count_data_intro","count_dom_hand","count_end","count_experiment","count_familiarizing","count_get_response","count_get_response_0","count_get_start_click","count_get_start_click_0","count_instructions_fam","count_instructions_main","count_instructions_practice","count_logger","count_main","count_native_language","count_practice","count_present_categories","count_present_categories_0","count_present_start","count_present_start_0","count_present_stimulus","count_questionnaire","count_trial_0","count_trial_1","datetime","description","disable_garbage_collection","dom_hand","experiment_file","experiment_path","font_bold","font_family","font_italic","font_size","font_underline","foreground","form_clicks","form_response","fullscreen","height","initiation_time","initiation_time_get_response","initiation_time_get_response_0","initiation_time_get_start_click","initiation_time_get_start_click_0","keyboard_backend","live_row","live_row_familiarizing","live_row_practice","logfile","mouse_backend","native_language","opensesame_codename","opensesame_version","repeat_cycle","response","response_end","response_get_response","response_get_response_0","response_get_start_click","response_get_start_click_0","response_time","response_time_end","response_time_get_response","response_time_get_response_0","response_time_get_start_click","response_time_get_start_click_0","round_decimals","sampler_backend","sound_buf_size","sound_channels","sound_freq","sound_sample_size","start","subject_nr","subject_parity","synth_backend","time_ISI","time_ISI_0","time_age","time_confidence_likert","time_data_intro","time_dom_hand","time_end","time_experiment","time_familiarizing","time_get_response","time_get_response_0","time_get_start_click","time_get_start_click_0","time_instructions_fam","time_instructions_main","time_instructions_practice","time_logger","time_main","time_native_language","time_practice","time_present_categories","time_present_categories_0","time_present_start","time_present_start_0","time_present_stimulus","time_questionnaire","time_trial_0","time_trial_1","timestamps_get_response","title","total_correct","total_response_time","total_responses","uniform_coordinates","width","xpos_get_response","ypos_get_response"
"Säugetier","Säugetier","Amphibie","Example","Giraffe","100","100","","1470","1470","white","no","legacy","legacy","legacy","0","6","relative","1","Säugetier","Ziel","NA","NA","1","1","undefined","undefined","0","2","0","0","0","0","0","0","0","0","2","0","2","0","0","0","1","0","0","0","0","2","0","2","0","0","2","0","Thu 06 Feb 2020 10:27:37 AM CET","Default description","yes","NA","simplified_classification.osexp","/home/experiment/Desktop/classification","no","sans","no","24","no","black","no","6","yes","1050","90","90","190","660","0","legacy","0","2","0","/home/experiment/Desktop/classification/subject-17.csv","legacy","NA","Kafkaesque Koffka","3.2.8b1","0","Säugetier","NA","Säugetier","Ziel","Start","Start","1470","NA","1470","810","2003","1438","2","legacy","1024","2","48000","-16","experiment","17","odd","legacy","NA","76603","NA","NA","NA","NA","NA","2618","67151","105248","75786","103237","74340","2618","NA","77128","115672","NA","NA","101158","101231","75786","103237","74340","105248","NA","74333","101224","[105249.0, 105259.0, 105269.0, 105279.0, 105289.0, 105299.0, 105309.0, 105319.0, 105329.0, 105339.0, 105349.0, 105359.0, 105369.0, 105379.0, 105389.0, 105399.0, 105409.0, 105419.0, 105429.0, 105439.0, 105449.0, 105459.0, 105469.0, 105479.0, 105489.0, 105499.0, 105509.0, 105519.0, 105529.0, 105539.0, 105549.0, 105559.0, 105569.0, 105579.0, 105589.0, 105599.0, 105609.0, 105619.0, 105629.0, 105639.0, 105649.0, 105659.0, 105669.0, 105679.0, 105689.0, 105699.0, 105709.0, 105719.0, 105729.0, 105739.0, 105749.0, 105759.0, 105769.0, 105779.0, 105789.0, 105799.0, 105809.0, 105819.0, 105829.0, 105839.0, 105849.0, 105859.0, 105869.0, 105879.0, 105889.0, 105899.0, 105909.0, 105919.0, 105929.0, 105939.0, 105949.0, 105959.0, 105969.0, 105979.0, 105989.0, 105999.0, 106009.0, 106019.0, 106029.0, 106039.0, 106049.0, 106059.0, 106069.0, 106079.0, 106089.0, 106099.0, 106109.0, 106119.0, 106129.0, 106139.0, 106149.0, 106159.0, 106169.0, 106179.0, 106189.0, 106199.0, 106209.0, 106219.0, 106229.0, 106239.0, 106249.0, 106259.0, 106269.0, 106279.0, 106289.0, 106299.0, 106309.0, 106319.0, 106329.0, 106339.0, 106349.0, 106359.0, 106369.0, 106379.0, 106389.0, 106399.0, 106409.0, 106419.0, 106429.0, 106439.0, 106449.0, 106459.0, 106469.0, 106479.0, 106489.0, 106499.0, 106509.0, 106519.0, 106529.0, 106539.0, 106549.0, 106559.0, 106569.0, 106579.0, 106589.0, 106599.0, 106609.0, 106619.0, 106629.0, 106639.0, 106649.0, 106659.0, 106669.0, 106679.0, 106689.0, 106699.0, 106709.0, 106719.0]","confidence_categorization","1","1470","1","yes","1680","[-19, -19, -19, -19, -19, -19, -19, -19, -19, -19, -20, -20, -21, -21, -21, -21, -21, -21, -21, -21, -21, -21, -21, -21, -21, -21, -21, -21, -21, -21, -21, -21, -21, -21, -21, -21, -21, -21, -21, -20, -20, -20, -20, -19, -18, -17, -17, -17, -16, -15, -15, -15, -15, -15, -15, -15, -15, -15, -15, -15, -15, -15, -15, -15, -15, -15, -15, -15, -15, -15, -15, -15, -15, -15, -15, -15, -15, -15, -15, -15, -15, -15, -15, -15, -15, -15, -15, -15, -15, -14, -14, -15, -17, -21, -22, -26, -27, -30, -33, -36, -38, -46, -48, -52, -56, -65, -72, -78, -87, -107, -118, -132, -145, -167, -180, -192, -206, -231, -242, -252, -261, -277, -286, -296, -304, -320, -326, -332, -338, -353, -362, -371, -382, -402, -414, -425, -438, -465, -480, -497, -515, -547, -561, -572, -580, -592, -599, -606]","[408, 408, 408, 408, 408, 408, 408, 408, 408, 408, 407, 407, 406, 406, 406, 406, 406, 406, 406, 406, 406, 406, 406, 406, 406, 406, 406, 406, 406, 406, 406, 406, 406, 406, 406, 404, 404, 403, 403, 401, 401, 401, 397, 396, 394, 392, 392, 391, 390, 384, 379, 377, 377, 377, 377, 377, 377, 377, 377, 377, 377, 377, 377, 377, 377, 377, 377, 377, 377, 377, 377, 377, 377, 377, 377, 377, 377, 377, 377, 377, 377, 377, 377, 377, 377, 377, 377, 377, 377, 365, 357, 351, 348, 342, 339, 335, 334, 330, 326, 323, 321, 314, 312, 308, 305, 295, 288, 278, 267, 234, 213, 190, 166, 115, 88, 65, 41, -1, -18, -35, -52, -86, -101, -115, -128, -146, -154, -162, -169, -187, -197, -204, -212, -225, -232, -238, -244, -259, -268, -278, -288, -309, -319, -327, -333, -345, -352, -360]"
"Vogel","Reptil","Vogel","Example","Taube","100","100","","1305","1305","white","no","legacy","legacy","legacy","0","6","relative","1","Vogel","Ziel","NA","NA","1","1","undefined","undefined","1","2","0","1","0","0","0","0","0","1","2","1","2","0","0","0","2","0","0","0","1","2","1","2","1","0","2","1","Thu 06 Feb 2020 10:27:37 AM CET","Default description","yes","NA","simplified_classification.osexp","/home/experiment/Desktop/classification","no","sans","no","24","no","black","no","6","yes","1050","60","60","190","240","0","legacy","1","2","1","/home/experiment/Desktop/classification/subject-17.csv","legacy","NA","Kafkaesque Koffka","3.2.8b1","0","Vogel","NA","Vogel","Ziel","Start","Start","1140","NA","1140","810","1168","1438","2","legacy","1024","2","48000","-16","experiment","17","odd","legacy","115788","76603","NA","NA","NA","NA","NA","2618","67151","119569","75786","118393","74340","2618","NA","77128","122382","NA","NA","101158","116387","75786","118393","74340","119569","NA","74333","116380","[119570.0, 119580.0, 119590.0, 119600.0, 119610.0, 119620.0, 119630.0, 119640.0, 119650.0, 119660.0, 119670.0, 119680.0, 119690.0, 119700.0, 119710.0, 119720.0, 119730.0, 119740.0, 119750.0, 119760.0, 119770.0, 119780.0, 119790.0, 119800.0, 119810.0, 119820.0, 119830.0, 119840.0, 119850.0, 119860.0, 119870.0, 119880.0, 119890.0, 119900.0, 119910.0, 119920.0, 119930.0, 119940.0, 119950.0, 119960.0, 119970.0, 119980.0, 119990.0, 120000.0, 120010.0, 120020.0, 120030.0, 120040.0, 120050.0, 120060.0, 120070.0, 120080.0, 120090.0, 120100.0, 120110.0, 120120.0, 120130.0, 120140.0, 120150.0, 120160.0, 120170.0, 120180.0, 120190.0, 120200.0, 120210.0, 120220.0, 120230.0, 120240.0, 120250.0, 120260.0, 120270.0, 120280.0, 120290.0, 120300.0, 120310.0, 120320.0, 120330.0, 120340.0, 120350.0, 120360.0, 120370.0, 120380.0, 120390.0, 120400.0, 120410.0, 120420.0, 120430.0, 120440.0, 120450.0, 120460.0, 120470.0, 120480.0, 120490.0, 120500.0, 120510.0, 120520.0, 120530.0, 120540.0, 120550.0, 120560.0, 120570.0, 120580.0, 120590.0, 120600.0, 120610.0, 120620.0, 120630.0, 120640.0, 120650.0, 120660.0, 120670.0, 120680.0, 120690.0, 120700.0, 120710.0]","confidence_categorization","2","2610","2","yes","1680","[56, 56, 56, 56, 56, 56, 56, 56, 56, 56, 56, 56, 55, 51, 49, 46, 42, 35, 33, 30, 26, 20, 18, 17, 16, 17, 18, 20, 22, 23, 24, 24, 24, 18, 17, 17, 17, 17, 17, 17, 17, 17, 17, 17, 17, 17, 17, 17, 17, 17, 17, 17, 17, 17, 17, 17, 17, 17, 17, 17, 17, 17, 17, 17, 17, 17, 17, 17, 17, 17, 17, 17, 17, 17, 17, 17, 17, 17, 17, 17, 17, 17, 17, 17, 19, 22, 31, 44, 62, 107, 129, 154, 178, 229, 257, 283, 308, 355, 374, 390, 402, 430, 443, 453, 462, 472, 474, 474, 474, 474, 479, 483, 485, 489, 491]","[449, 449, 449, 449, 449, 449, 449, 448, 446, 439, 436, 432, 428, 416, 411, 404, 398, 385, 378, 372, 363, 345, 336, 327, 318, 299, 292, 283, 277, 264, 257, 248, 240, 222, 222, 222, 222, 222, 222, 222, 222, 222, 222, 222, 222, 222, 222, 222, 222, 222, 222, 222, 222, 222, 222, 222, 222, 222, 222, 222, 222, 222, 222, 222, 222, 222, 222, 222, 222, 222, 222, 222, 222, 222, 222, 222, 222, 222, 222, 222, 222, 222, 222, 220, 199, 196, 193, 187, 176, 147, 130, 112, 95, 53, 31, 7, -19, -68, -92, -114, -134, -173, -193, -212, -229, -262, -277, -292, -306, -333, -344, -357, -367, -378, -384]"
"Insekt","Fisch","Insekt","Example","Biene","100","100","","1256.66666667","1256.66666667","white","no","legacy","legacy","legacy","0","6","relative","1","Insekt","Ziel","NA","NA","1","1","undefined","undefined","2","2","0","2","0","0","0","0","0","2","2","2","2","0","0","0","3","0","0","0","2","2","2","2","2","0","2","2","Thu 06 Feb 2020 10:27:37 AM CET","Default description","yes","NA","simplified_classification.osexp","/home/experiment/Desktop/classification","no","sans","no","24","no","black","no","6","yes","1050","80","80","190","470","0","legacy","2","2","2","/home/experiment/Desktop/classification/subject-17.csv","legacy","NA","Kafkaesque Koffka","3.2.8b1","0","Insekt","NA","Insekt","Ziel","Start","Start","1160","NA","1160","810","1870","1438","2","legacy","1024","2","48000","-16","experiment","17","odd","legacy","122446","76603","NA","NA","NA","NA","NA","2618","67151","126922","75786","125044","74340","2618","NA","77128","132262","NA","NA","101158","123037","75786","125043","74340","126922","NA","74333","123030","[126922.0, 126932.0, 126942.0, 126952.0, 126962.0, 126972.0, 126982.0, 126992.0, 127002.0, 127012.0, 127022.0, 127032.0, 127042.0, 127052.0, 127062.0, 127072.0, 127082.0, 127092.0, 127102.0, 127112.0, 127122.0, 127132.0, 127142.0, 127152.0, 127162.0, 127172.0, 127182.0, 127192.0, 127202.0, 127212.0, 127222.0, 127232.0, 127242.0, 127252.0, 127262.0, 127272.0, 127282.0, 127292.0, 127302.0, 127312.0, 127322.0, 127332.0, 127342.0, 127352.0, 127362.0, 127372.0, 127382.0, 127392.0, 127402.0, 127412.0, 127422.0, 127432.0, 127442.0, 127452.0, 127462.0, 127472.0, 127482.0, 127492.0, 127502.0, 127512.0, 127522.0, 127532.0, 127542.0, 127552.0, 127562.0, 127572.0, 127582.0, 127592.0, 127602.0, 127612.0, 127622.0, 127632.0, 127642.0, 127652.0, 127662.0, 127672.0, 127682.0, 127692.0, 127702.0, 127712.0, 127722.0, 127732.0, 127742.0, 127752.0, 127762.0, 127772.0, 127782.0, 127792.0, 127802.0, 127812.0, 127822.0, 127832.0, 127842.0, 127852.0, 127862.0, 127872.0, 127882.0, 127892.0, 127902.0, 127912.0, 127922.0, 127932.0, 127942.0, 127952.0, 127962.0, 127972.0, 127982.0, 127992.0, 128002.0, 128012.0, 128022.0, 128032.0, 128042.0, 128052.0, 128062.0, 128072.0, 128082.0]","confidence_categorization","3","3770","3","yes","1680","[21, 21, 21, 21, 21, 21, 21, 21, 21, 20, 20, 19, 15, 14, 12, 8, 3, 0, -3, -6, -10, -10, -10, -10, -10, -10, -9, -7, -4, -3, -2, 0, 2, 5, 7, 8, 12, 14, 16, 18, 23, 23, 23, 23, 23, 23, 23, 23, 23, 23, 23, 23, 23, 23, 23, 23, 23, 23, 23, 23, 23, 23, 23, 23, 23, 23, 23, 23, 23, 23, 23, 23, 23, 23, 23, 23, 23, 23, 23, 25, 32, 41, 47, 54, 62, 80, 91, 102, 114, 135, 145, 154, 163, 182, 193, 206, 226, 267, 290, 312, 333, 372, 390, 406, 422, 447, 457, 467, 483, 489, 495, 500, 510, 513, 518, 523, 532]","[448, 448, 448, 448, 448, 448, 448, 448, 448, 446, 445, 441, 433, 430, 421, 414, 395, 384, 372, 360, 339, 329, 322, 314, 301, 296, 290, 284, 275, 270, 267, 264, 255, 250, 246, 242, 237, 235, 233, 231, 225, 224, 224, 224, 224, 224, 224, 224, 224, 224, 224, 224, 224, 224, 224, 224, 224, 224, 224, 224, 224, 224, 224, 224, 224, 224, 224, 224, 224, 224, 224, 224, 224, 224, 224, 224, 224, 224, 224, 215, 201, 184, 179, 173, 165, 142, 129, 116, 104, 80, 69, 58, 48, 24, 8, -11, -32, -77, -101, -121, -139, -172, -187, -201, -215, -239, -250, -261, -285, -295, -303, -312, -328, -334, -340, -346, -359]"
"Säugetier","Fisch","Säugetier","Atypical","Seelöwe","100","100","","1552.75","1552.75","white","no","legacy","legacy","legacy","0","5","relative","1","Säugetier","Ziel","NA","NA","1","1","undefined","undefined","3","2","0","3","0","0","0","0","0","3","2","3","2","0","0","0","4","0","0","0","3","2","3","2","3","0","2","3","Thu 06 Feb 2020 10:27:37 AM CET","Default description","yes","NA","simplified_classification.osexp","/home/experiment/Desktop/classification","no","sans","no","24","no","black","no","5","yes","1050","200","200","190","360","0","legacy","0","2","2","/home/experiment/Desktop/classification/subject-17.csv","legacy","NA","Kafkaesque Koffka","3.2.8b1","0","Säugetier","NA","Säugetier","Ziel","Start","Start","2441","NA","2441","810","533","1438","2","legacy","1024","2","48000","-16","experiment","17","odd","legacy","132311","76603","NA","NA","NA","NA","NA","2618","67151","149618","75786","149077","74340","2618","132836","77128","156014","146999","NA","101158","147070","75786","149076","74340","149617","NA","74333","147063","[149618.0, 149628.0, 149638.0, 149648.0, 149658.0, 149668.0, 149678.0, 149688.0, 149698.0, 149708.0, 149718.0, 149728.0, 149738.0, 149748.0, 149758.0, 149768.0, 149778.0, 149788.0, 149798.0, 149808.0, 149818.0, 149828.0, 149838.0, 149848.0, 149858.0, 149868.0, 149878.0, 149888.0, 149898.0, 149908.0, 149918.0, 149928.0, 149938.0, 149948.0, 149958.0, 149968.0, 149978.0, 149988.0, 149998.0, 150008.0, 150018.0, 150028.0, 150038.0, 150048.0, 150058.0, 150068.0, 150078.0, 150088.0, 150098.0, 150108.0, 150118.0, 150128.0, 150138.0, 150148.0, 150158.0, 150168.0, 150178.0, 150188.0, 150198.0, 150208.0, 150218.0, 150228.0, 150238.0, 150248.0, 150258.0, 150268.0, 150278.0, 150288.0, 150298.0, 150308.0, 150318.0, 150328.0, 150338.0, 150348.0, 150358.0, 150368.0, 150378.0, 150388.0, 150398.0, 150408.0, 150418.0, 150428.0, 150438.0, 150448.0, 150458.0, 150468.0, 150478.0, 150488.0, 150498.0, 150508.0, 150518.0, 150528.0, 150538.0, 150548.0, 150558.0, 150568.0, 150578.0, 150588.0, 150598.0, 150608.0, 150618.0, 150628.0, 150638.0, 150648.0, 150658.0, 150668.0, 150678.0, 150688.0, 150698.0, 150708.0, 150718.0, 150728.0, 150738.0, 150748.0, 150758.0, 150768.0, 150778.0, 150788.0, 150798.0, 150808.0, 150818.0, 150828.0, 150838.0, 150848.0, 150858.0, 150868.0, 150878.0, 150888.0, 150898.0, 150908.0, 150918.0, 150928.0, 150938.0, 150948.0, 150958.0, 150968.0, 150978.0, 150988.0, 150998.0, 151008.0, 151018.0, 151028.0, 151038.0, 151048.0, 151058.0, 151068.0, 151078.0, 151088.0, 151098.0, 151108.0, 151118.0, 151128.0, 151138.0, 151148.0, 151158.0, 151168.0, 151178.0, 151188.0, 151198.0, 151208.0, 151218.0, 151228.0, 151238.0, 151248.0, 151258.0, 151268.0, 151278.0, 151288.0, 151298.0, 151308.0, 151318.0, 151328.0, 151338.0, 151348.0, 151358.0, 151368.0, 151378.0, 151388.0, 151398.0, 151408.0, 151418.0, 151428.0, 151438.0, 151449.0, 151459.0, 151469.0, 151479.0, 151489.0, 151499.0, 151509.0, 151519.0, 151529.0, 151539.0, 151549.0, 151559.0, 151569.0, 151579.0, 151589.0, 151599.0, 151609.0, 151619.0, 151629.0, 151639.0, 151649.0, 151659.0, 151669.0, 151679.0, 151689.0, 151699.0, 151709.0, 151719.0, 151729.0, 151739.0, 151749.0, 151759.0, 151769.0, 151779.0, 151789.0, 151799.0, 151809.0, 151819.0, 151829.0, 151839.0, 151849.0, 151859.0, 151869.0, 151879.0, 151889.0, 151899.0, 151909.0, 151919.0, 151929.0, 151939.0, 151949.0, 151959.0, 151969.0, 151979.0, 151989.0, 151999.0, 152009.0, 152019.0, 152029.0, 152039.0, 152049.0, 152059.0]","confidence_categorization","4","6211","4","yes","1680","[-51, -51, -51, -51, -51, -51, -51, -51, -51, -51, -51, -51, -51, -51, -51, -51, -51, -51, -51, -51, -51, -51, -53, -53, -54, -54, -54, -54, -54, -54, -54, -54, -54, -54, -54, -54, -54, -54, -54, -54, -54, -54, -54, -54, -54, -54, -54, -54, -53, -51, -48, -47, -46, -46, -46, -46, -46, -46, -46, -46, -46, -46, -46, -46, -46, -46, -46, -46, -46, -46, -46, -46, -46, -46, -46, -46, -46, -46, -46, -46, -46, -46, -46, -46, -46, -46, -46, -46, -46, -46, -46, -46, -46, -46, -46, -46, -46, -46, -46, -46, -46, -46, -46, -46, -46, -46, -46, -46, -46, -46, -46, -46, -46, -46, -46, -46, -46, -46, -46, -46, -46, -46, -46, -46, -46, -46, -46, -46, -46, -46, -46, -46, -46, -46, -46, -46, -46, -46, -46, -46, -46, -46, -46, -46, -46, -46, -45, -42, -36, -31, -26, -19, -7, -2, 5, 11, 22, 27, 31, 34, 41, 43, 48, 52, 59, 60, 63, 64, 67, 67, 67, 67, 67, 67, 67, 67, 67, 67, 67, 67, 67, 67, 66, 66, 65, 65, 65, 64, 64, 64, 64, 64, 64, 64, 64, 64, 64, 64, 64, 64, 62, 61, 60, 59, 53, 51, 50, 47, 45, 45, 45, 48, 82, 104, 128, 153, 204, 230, 258, 283, 327, 343, 357, 368, 383, 388, 390, 392, 393, 394, 395, 398, 407, 412, 415, 419, 424, 429, 434, 439, 451, 458, 467, 478, 497]","[406, 406, 406, 406, 406, 406, 406, 406, 406, 406, 406, 406, 406, 406, 406, 406, 406, 406, 406, 406, 406, 404, 401, 400, 398, 394, 393, 392, 390, 389, 389, 388, 388, 388, 388, 388, 388, 388, 388, 388, 388, 388, 388, 388, 388, 388, 388, 388, 387, 387, 384, 381, 378, 378, 378, 378, 378, 378, 378, 378, 378, 378, 378, 378, 378, 378, 378, 378, 378, 378, 378, 378, 378, 378, 378, 378, 378, 378, 378, 378, 378, 378, 378, 378, 378, 378, 378, 378, 378, 378, 378, 378, 378, 378, 378, 378, 378, 378, 378, 378, 378, 378, 378, 378, 378, 378, 378, 378, 378, 378, 378, 378, 378, 378, 378, 378, 378, 378, 378, 378, 378, 378, 378, 378, 378, 378, 378, 378, 378, 378, 378, 378, 378, 378, 378, 378, 378, 378, 378, 378, 378, 378, 378, 378, 378, 378, 377, 373, 363, 361, 357, 353, 346, 342, 338, 336, 331, 328, 326, 324, 318, 317, 314, 311, 308, 305, 302, 300, 294, 294, 293, 292, 290, 289, 289, 289, 289, 289, 289, 289, 289, 289, 288, 288, 287, 287, 287, 286, 286, 286, 286, 286, 282, 278, 275, 274, 273, 272, 270, 269, 264, 262, 259, 257, 251, 249, 246, 243, 240, 235, 229, 216, 176, 153, 128, 103, 52, 27, 2, -24, -71, -93, -112, -131, -166, -185, -201, -215, -240, -251, -261, -267, -282, -288, -293, -298, -307, -314, -320, -326, -338, -343, -348, -352, -359]"
"Fisch","Säugetier","Fisch","Typical","Hai","100","100","","1510.2","1510.2","white","no","legacy","legacy","legacy","0","6","relative","1","Fisch","Ziel","NA","NA","1","1","undefined","undefined","4","2","0","4","0","0","0","0","0","4","2","4","2","0","0","0","5","0","0","0","4","2","4","2","4","0","2","4","Thu 06 Feb 2020 10:27:37 AM CET","Default description","yes","NA","simplified_classification.osexp","/home/experiment/Desktop/classification","no","sans","no","24","no","black","no","6","yes","1050","50","50","190","20","0","legacy","1","2","2","/home/experiment/Desktop/classification/subject-17.csv","legacy","NA","Kafkaesque Koffka","3.2.8b1","0","Fisch","NA","Fisch","Ziel","Start","Start","1340","NA","1340","810","977","1438","2","legacy","1024","2","48000","-16","experiment","17","odd","legacy","156068","76603","NA","NA","NA","NA","NA","2618","67151","159650","75786","158665","74340","2618","132836","77128","163046","146999","NA","101158","156658","75786","158665","74340","159649","NA","74333","156651","[159650.0, 159660.0, 159670.0, 159680.0, 159690.0, 159700.0, 159710.0, 159720.0, 159730.0, 159740.0, 159750.0, 159760.0, 159770.0, 159780.0, 159790.0, 159800.0, 159810.0, 159820.0, 159830.0, 159840.0, 159850.0, 159860.0, 159870.0, 159880.0, 159890.0, 159900.0, 159910.0, 159920.0, 159930.0, 159940.0, 159950.0, 159960.0, 159970.0, 159980.0, 159990.0, 160000.0, 160010.0, 160020.0, 160030.0, 160040.0, 160050.0, 160060.0, 160070.0, 160080.0, 160090.0, 160100.0, 160110.0, 160120.0, 160130.0, 160140.0, 160150.0, 160160.0, 160170.0, 160180.0, 160190.0, 160200.0, 160210.0, 160220.0, 160230.0, 160240.0, 160250.0, 160260.0, 160270.0, 160280.0, 160290.0, 160300.0, 160310.0, 160320.0, 160330.0, 160340.0, 160350.0, 160360.0, 160370.0, 160380.0, 160390.0, 160400.0, 160410.0, 160420.0, 160430.0, 160440.0, 160450.0, 160460.0, 160470.0, 160480.0, 160490.0, 160500.0, 160510.0, 160520.0, 160530.0, 160540.0, 160550.0, 160560.0, 160570.0, 160580.0, 160590.0, 160600.0, 160610.0, 160620.0, 160630.0, 160640.0, 160650.0, 160660.0, 160670.0, 160680.0, 160690.0, 160700.0, 160710.0, 160720.0, 160730.0, 160740.0, 160750.0, 160760.0, 160770.0, 160780.0, 160790.0, 160800.0, 160810.0, 160820.0, 160830.0, 160840.0, 160850.0, 160860.0, 160870.0, 160880.0, 160890.0, 160900.0, 160910.0, 160920.0, 160930.0, 160940.0, 160950.0, 160960.0, 160970.0, 160980.0, 160990.0]","confidence_categorization","5","7551","5","yes","1680","[-21, -21, -21, -21, -21, -21, -22, -22, -22, -22, -22, -22, -22, -22, -22, -22, -22, -22, -22, -22, -22, -22, -22, -22, -23, -25, -25, -25, -25, -25, -24, -24, -23, -20, -19, -18, -17, -17, -17, -17, -17, -17, -17, -17, -17, -17, -17, -17, -17, -17, -17, -17, -17, -17, -17, -17, -17, -17, -17, -17, -17, -17, -17, -17, -17, -17, -17, -17, -17, -17, -17, -17, -17, -17, -17, -17, -14, -13, -12, -7, 1, 19, 29, 39, 48, 68, 75, 82, 87, 94, 98, 101, 103, 108, 111, 113, 116, 123, 130, 138, 150, 195, 218, 247, 276, 333, 361, 387, 411, 451, 468, 481, 492, 508, 513, 516, 521, 526, 528, 532, 536, 542, 546, 548, 549, 549, 549, 549, 549, 551, 552, 555, 558, 567, 571]","[400, 400, 400, 400, 400, 400, 399, 399, 399, 399, 399, 399, 399, 399, 399, 399, 399, 399, 399, 399, 399, 399, 399, 399, 398, 397, 396, 395, 394, 389, 385, 382, 379, 370, 365, 358, 342, 335, 334, 334, 334, 334, 334, 334, 334, 334, 334, 334, 334, 334, 334, 334, 334, 334, 334, 334, 334, 334, 334, 334, 334, 334, 334, 334, 334, 334, 334, 334, 334, 334, 334, 334, 334, 334, 334, 334, 329, 322, 315, 305, 295, 278, 269, 261, 254, 241, 235, 230, 226, 215, 209, 204, 200, 192, 189, 185, 181, 171, 163, 154, 139, 89, 60, 26, -6, -66, -95, -121, -147, -191, -210, -229, -245, -273, -282, -290, -298, -310, -313, -317, -321, -325, -327, -329, -329, -329, -329, -329, -329, -331, -333, -336, -339, -351, -357]"
"Reptil","Reptil","Insekt","Typical","Chamäleon","100","100","","1466.83333333","1466.83333333","white","no","legacy","legacy","legacy","0","6","relative","1","Reptil","Ziel","NA","NA","1","1","undefined","undefined","5","2","0","5","0","0","0","0","0","5","2","5","2","0","0","0","6","0","0","0","5","2","5","2","5","0","2","5","Thu 06 Feb 2020 10:27:37 AM CET","Default description","yes","NA","simplified_classification.osexp","/home/experiment/Desktop/classification","no","sans","no","24","no","black","no","6","yes","1050","360","360","190","240","0","legacy","2","2","2","/home/experiment/Desktop/classification/subject-17.csv","legacy","NA","Kafkaesque Koffka","3.2.8b1","0","Reptil","NA","Reptil","Ziel","Start","Start","1250","NA","1250","810","1260","1438","2","legacy","1024","2","48000","-16","experiment","17","odd","legacy","163084","76603","NA","NA","NA","NA","NA","2618","67151","166962","75786","165694","74340","2618","132836","77128","170766","146999","NA","101158","163687","75786","165694","74340","166961","NA","74333","163679","[166962.0, 166972.0, 166982.0, 166992.0, 167002.0, 167012.0, 167022.0, 167032.0, 167042.0, 167052.0, 167062.0, 167072.0, 167082.0, 167092.0, 167102.0, 167112.0, 167122.0, 167132.0, 167142.0, 167152.0, 167162.0, 167172.0, 167182.0, 167192.0, 167202.0, 167212.0, 167222.0, 167232.0, 167242.0, 167252.0, 167262.0, 167272.0, 167282.0, 167292.0, 167302.0, 167312.0, 167322.0, 167332.0, 167342.0, 167352.0, 167362.0, 167372.0, 167382.0, 167392.0, 167402.0, 167412.0, 167422.0, 167432.0, 167442.0, 167452.0, 167462.0, 167472.0, 167482.0, 167492.0, 167502.0, 167512.0, 167522.0, 167532.0, 167542.0, 167552.0, 167562.0, 167572.0, 167582.0, 167592.0, 167602.0, 167612.0, 167622.0, 167632.0, 167642.0, 167652.0, 167662.0, 167672.0, 167682.0, 167692.0, 167702.0, 167712.0, 167722.0, 167732.0, 167742.0, 167752.0, 167762.0, 167772.0, 167782.0, 167792.0, 167802.0, 167812.0, 167822.0, 167832.0, 167842.0, 167852.0, 167862.0, 167872.0, 167882.0, 167892.0, 167902.0, 167912.0, 167922.0, 167932.0, 167942.0, 167952.0, 167962.0, 167972.0, 167982.0, 167992.0, 168002.0, 168012.0, 168022.0, 168032.0, 168042.0, 168052.0, 168062.0, 168072.0, 168082.0, 168092.0, 168102.0, 168112.0, 168122.0, 168132.0, 168142.0, 168152.0, 168162.0, 168172.0, 168182.0, 168192.0, 168202.0, 168212.0]","confidence_categorization","6","8801","6","yes","1680","[39, 39, 39, 39, 39, 39, 39, 39, 39, 39, 39, 39, 39, 39, 39, 39, 39, 39, 39, 39, 39, 39, 39, 39, 39, 39, 39, 39, 39, 39, 39, 39, 39, 39, 39, 39, 39, 39, 39, 39, 39, 39, 39, 44, 45, 45, 45, 45, 45, 45, 45, 45, 45, 45, 45, 45, 45, 45, 45, 45, 45, 45, 45, 45, 45, 45, 45, 45, 45, 45, 45, 45, 45, 45, 45, 45, 45, 45, 45, 45, 45, 45, 45, 42, 31, -9, -35, -69, -103, -180, -219, -259, -299, -376, -410, -440, -456, -480, -485, -486, -486, -473, -461, -449, -432, -427, -423, -421, -412, -407, -402, -397, -393, -393, -393, -401, -423, -438, -453, -469, -508, -531, -554, -570, -595, -603]","[428, 428, 428, 428, 428, 428, 428, 428, 428, 428, 428, 428, 428, 428, 428, 428, 428, 428, 428, 428, 428, 428, 428, 428, 428, 428, 428, 428, 428, 428, 428, 428, 428, 428, 428, 428, 428, 427, 425, 421, 411, 406, 398, 387, 384, 384, 384, 384, 384, 384, 384, 384, 384, 384, 384, 384, 384, 384, 384, 384, 384, 384, 384, 384, 384, 384, 384, 384, 384, 384, 384, 384, 384, 384, 384, 384, 384, 384, 384, 384, 384, 384, 384, 377, 359, 311, 282, 249, 215, 137, 99, 61, 24, -41, -69, -91, -106, -134, -147, -155, -160, -165, -165, -165, -165, -165, -165, -166, -166, -166, -166, -166, -167, -170, -175, -184, -200, -210, -219, -229, -256, -274, -289, -305, -341, -360]"
"Säugetier","Säugetier","Reptil","Typical","Kaninchen","100","100","","1368.71428571","1368.71428571","white","no","legacy","legacy","legacy","0","6","relative","1","Säugetier","Ziel","NA","NA","1","1","undefined","undefined","6","2","0","6","0","0","0","0","0","6","2","6","2","0","0","0","7","0","0","0","6","2","6","2","6","0","2","6","Thu 06 Feb 2020 10:27:37 AM CET","Default description","yes","NA","simplified_classification.osexp","/home/experiment/Desktop/classification","no","sans","no","24","no","black","no","6","yes","1050","80","80","190","0","0","legacy","3","2","2","/home/experiment/Desktop/classification/subject-17.csv","legacy","NA","Kafkaesque Koffka","3.2.8b1","0","Säugetier","NA","Säugetier","Ziel","Start","Start","780","NA","780","810","1034","1438","2","legacy","1024","2","48000","-16","experiment","17","odd","legacy","170818","76603","NA","NA","NA","NA","NA","2618","67151","174465","75786","173424","74340","2618","132836","77128","176455","146999","NA","101158","171417","75786","173423","74340","174465","NA","74333","171410","[174466.0, 174476.0, 174486.0, 174496.0, 174506.0, 174516.0, 174526.0, 174536.0, 174546.0, 174556.0, 174566.0, 174576.0, 174586.0, 174596.0, 174606.0, 174616.0, 174626.0, 174636.0, 174646.0, 174656.0, 174666.0, 174676.0, 174686.0, 174696.0, 174706.0, 174716.0, 174726.0, 174736.0, 174746.0, 174756.0, 174766.0, 174776.0, 174786.0, 174796.0, 174806.0, 174816.0, 174826.0, 174836.0, 174846.0, 174856.0, 174866.0, 174876.0, 174886.0, 174896.0, 174906.0, 174916.0, 174926.0, 174936.0, 174946.0, 174956.0, 174966.0, 174976.0, 174986.0, 174996.0, 175006.0, 175016.0, 175026.0, 175036.0, 175046.0, 175056.0, 175066.0, 175076.0, 175086.0, 175096.0, 175106.0, 175116.0, 175126.0, 175136.0, 175146.0, 175156.0, 175166.0, 175176.0, 175186.0, 175196.0, 175206.0, 175216.0, 175226.0, 175236.0, 175246.0]","confidence_categorization","7","9581","7","yes","1680","[3, 3, 3, 3, 3, 3, 3, 3, 3, 4, 4, 4, 4, 4, 4, 4, 4, 4, 4, 4, 4, 3, 3, 2, 2, 2, 2, 2, 2, 1, 1, -1, -1, -1, -1, -1, -1, -1, -1, -3, -8, -28, -44, -66, -88, -136, -162, -186, -207, -243, -264, -286, -306, -337, -349, -359, -380, -389, -401, -411, -437, -452, -466, -480, -497, -502, -504, -507, -512, -517, -523, -531, -552, -566, -581, -599, -636, -656, -672]","[386, 386, 386, 386, 386, 386, 386, 386, 386, 384, 384, 384, 384, 384, 384, 384, 384, 378, 375, 373, 371, 368, 368, 365, 365, 364, 363, 360, 358, 351, 348, 341, 335, 323, 316, 310, 304, 290, 283, 274, 265, 243, 232, 219, 208, 183, 172, 160, 143, 99, 72, 44, 14, -41, -63, -80, -116, -134, -151, -165, -193, -205, -215, -223, -236, -240, -242, -245, -253, -258, -264, -271, -288, -297, -306, -316, -337, -349, -362]"
"Säugetier","Säugetier","Fisch","Atypical","Wal","100","100","","1343.875","1343.875","white","no","legacy","legacy","legacy","0","6","relative","1","Säugetier","Ziel","NA","NA","1","1","undefined","undefined","7","2","0","7","0","0","0","0","0","7","2","7","2","0","0","0","8","0","0","0","7","2","7","2","7","0","2","7","Thu 06 Feb 2020 10:27:37 AM CET","Default description","yes","NA","simplified_classification.osexp","/home/experiment/Desktop/classification","no","sans","no","24","no","black","no","6","yes","1050","80","80","190","260","0","legacy","4","2","2","/home/experiment/Desktop/classification/subject-17.csv","legacy","NA","Kafkaesque Koffka","3.2.8b1","0","Säugetier","NA","Säugetier","Ziel","Start","Start","1170","NA","1170","810","1983","1438","2","legacy","1024","2","48000","-16","experiment","17","odd","legacy","176492","76603","NA","NA","NA","NA","NA","2618","67151","181089","75786","179098","74340","2618","132836","77128","183262","146999","NA","101158","177091","75786","179098","74340","181088","NA","74333","177084","[181089.0, 181099.0, 181109.0, 181119.0, 181129.0, 181139.0, 181149.0, 181159.0, 181169.0, 181179.0, 181189.0, 181199.0, 181209.0, 181219.0, 181229.0, 181239.0, 181249.0, 181259.0, 181269.0, 181279.0, 181289.0, 181299.0, 181309.0, 181319.0, 181329.0, 181339.0, 181349.0, 181359.0, 181369.0, 181379.0, 181389.0, 181399.0, 181409.0, 181419.0, 181429.0, 181439.0, 181449.0, 181459.0, 181469.0, 181479.0, 181489.0, 181499.0, 181509.0, 181519.0, 181529.0, 181539.0, 181549.0, 181559.0, 181569.0, 181579.0, 181589.0, 181599.0, 181609.0, 181619.0, 181629.0, 181639.0, 181649.0, 181659.0, 181669.0, 181679.0, 181689.0, 181699.0, 181709.0, 181719.0, 181729.0, 181739.0, 181749.0, 181759.0, 181769.0, 181779.0, 181789.0, 181799.0, 181809.0, 181819.0, 181829.0, 181839.0, 181849.0, 181859.0, 181869.0, 181879.0, 181889.0, 181899.0, 181909.0, 181919.0, 181929.0, 181939.0, 181949.0, 181959.0, 181969.0, 181979.0, 181989.0, 181999.0, 182009.0, 182019.0, 182029.0, 182039.0, 182049.0, 182059.0, 182069.0, 182079.0, 182089.0, 182099.0, 182109.0, 182119.0, 182129.0, 182139.0, 182149.0, 182159.0, 182169.0, 182179.0, 182189.0, 182199.0, 182209.0, 182219.0, 182229.0, 182239.0, 182249.0, 182259.0]","confidence_categorization","8","10751","8","yes","1680","[-14, -14, -14, -14, -14, -14, -14, -14, -14, -15, -15, -15, -17, -19, -20, -21, -23, -23, -23, -21, -21, -18, -15, -14, -14, -14, -14, -13, -13, -9, -9, -6, -4, -4, -4, -4, -4, -4, -4, -4, -4, -4, -4, -4, -4, -4, -4, -4, -4, -4, -4, -4, -4, -4, -4, -4, -4, -4, -4, -4, -4, -4, -4, -4, -4, -3, -2, 0, 0, 1, 1, 2, 2, 2, 2, 2, 2, 2, 2, 2, 2, 2, 1, -7, -17, -49, -68, -89, -112, -157, -181, -203, -226, -267, -282, -297, -312, -334, -342, -350, -359, -373, -378, -383, -387, -394, -398, -404, -411, -428, -439, -451, -464, -488, -503, -514, -527, -554]","[419, 419, 419, 419, 419, 419, 419, 419, 419, 420, 420, 420, 419, 417, 416, 414, 412, 405, 399, 392, 384, 365, 355, 344, 337, 321, 314, 308, 304, 297, 293, 289, 287, 287, 287, 287, 287, 287, 287, 287, 287, 287, 287, 287, 287, 287, 287, 287, 287, 287, 287, 287, 287, 287, 287, 287, 287, 287, 287, 287, 287, 287, 287, 284, 284, 283, 283, 282, 282, 279, 277, 275, 274, 269, 268, 265, 262, 257, 253, 247, 238, 208, 190, 171, 147, 94, 66, 38, 12, -38, -62, -83, -101, -133, -147, -157, -168, -182, -187, -191, -196, -204, -208, -211, -214, -220, -223, -227, -231, -243, -251, -259, -270, -289, -301, -313, -330, -366]"
"Reptil","Säugetier","Reptil","Typical","Alligator","100","100","","1315.66666667","1315.66666667","white","no","legacy","legacy","legacy","0","6","relative","1","Reptil","Ziel","NA","NA","1","1","undefined","undefined","8","2","0","8","0","0","0","0","0","8","2","8","2","0","0","0","9","0","0","0","8","2","8","2","8","0","2","8","Thu 06 Feb 2020 10:27:37 AM CET","Default description","yes","NA","simplified_classification.osexp","/home/experiment/Desktop/classification","no","sans","no","24","no","black","no","6","yes","1050","170","170","190","40","0","legacy","5","2","2","/home/experiment/Desktop/classification/subject-17.csv","legacy","NA","Kafkaesque Koffka","3.2.8b1","0","Reptil","NA","Reptil","Ziel","Start","Start","1090","NA","1090","810","1906","1438","2","legacy","1024","2","48000","-16","experiment","17","odd","legacy","183316","76603","NA","NA","NA","NA","NA","2618","67151","187826","75786","185912","74340","2618","132836","77128","190775","146999","NA","101158","183905","75786","185912","74340","187826","NA","74333","183897","[187826.0, 187836.0, 187846.0, 187856.0, 187866.0, 187876.0, 187886.0, 187896.0, 187906.0, 187916.0, 187926.0, 187936.0, 187946.0, 187956.0, 187966.0, 187976.0, 187986.0, 187996.0, 188006.0, 188016.0, 188026.0, 188036.0, 188046.0, 188056.0, 188066.0, 188076.0, 188086.0, 188096.0, 188106.0, 188116.0, 188126.0, 188136.0, 188146.0, 188156.0, 188166.0, 188176.0, 188186.0, 188196.0, 188206.0, 188216.0, 188226.0, 188236.0, 188246.0, 188256.0, 188266.0, 188276.0, 188286.0, 188296.0, 188306.0, 188316.0, 188326.0, 188336.0, 188346.0, 188356.0, 188366.0, 188376.0, 188386.0, 188396.0, 188406.0, 188416.0, 188426.0, 188436.0, 188446.0, 188456.0, 188466.0, 188476.0, 188486.0, 188496.0, 188506.0, 188516.0, 188526.0, 188536.0, 188546.0, 188556.0, 188566.0, 188576.0, 188586.0, 188596.0, 188606.0, 188616.0, 188626.0, 188636.0, 188646.0, 188656.0, 188666.0, 188676.0, 188686.0, 188696.0, 188706.0, 188716.0, 188726.0, 188736.0, 188746.0, 188756.0, 188766.0, 188776.0, 188786.0, 188796.0, 188806.0, 188816.0, 188826.0, 188836.0, 188846.0, 188856.0, 188866.0, 188876.0, 188886.0, 188896.0, 188906.0, 188916.0]","confidence_categorization","9","11841","9","yes","1680","[-1, -1, -1, -1, -1, -1, -1, -1, -1, -1, -1, -1, -1, -1, -1, -1, -1, -1, -1, -3, -5, -7, -7, -7, -7, -7, -7, -7, -6, -6, -5, -4, -4, -4, -4, -4, -4, -4, -4, -4, -4, -4, -4, -4, -4, -4, -4, -4, -4, -4, -4, -4, -4, -4, -4, -4, -4, -4, -4, -4, -4, -4, -4, -4, -4, -4, -4, -4, -4, -4, -4, -4, -4, -4, -4, -4, -4, -2, 20, 51, 84, 146, 175, 201, 226, 279, 305, 330, 358, 401, 420, 435, 449, 464, 470, 477, 485, 498, 500, 501, 501, 506, 508, 510, 514, 516, 516, 516, 516, 516]","[403, 403, 403, 403, 403, 403, 403, 403, 403, 403, 403, 403, 403, 403, 403, 403, 403, 403, 399, 395, 389, 387, 387, 387, 383, 382, 380, 378, 374, 372, 368, 367, 367, 367, 367, 367, 367, 367, 367, 367, 367, 367, 367, 367, 367, 367, 367, 367, 367, 367, 367, 367, 367, 367, 367, 367, 367, 367, 367, 367, 367, 367, 367, 367, 367, 367, 367, 367, 367, 367, 367, 367, 367, 367, 367, 367, 367, 366, 337, 303, 274, 208, 176, 143, 113, 57, 32, 7, -16, -53, -71, -84, -99, -123, -136, -147, -159, -186, -198, -211, -222, -241, -248, -256, -267, -291, -305, -318, -332, -356]"
"Insekt","Vogel","Insekt","Atypical","Schmetterling","100","100","","1289.1","1289.1","white","no","legacy","legacy","legacy","0","6","relative","1","Insekt","Ziel","NA","NA","1","1","undefined","undefined","9","2","0","9","0","0","0","0","0","9","2","9","2","0","0","0","10","0","0","0","9","2","9","2","9","0","2","9","Thu 06 Feb 2020 10:27:37 AM CET","Default description","yes","NA","simplified_classification.osexp","/home/experiment/Desktop/classification","no","sans","no","24","no","black","no","6","yes","1050","170","170","190","70","0","legacy","6","2","2","/home/experiment/Desktop/classification/subject-17.csv","legacy","NA","Kafkaesque Koffka","3.2.8b1","0","Insekt","NA","Insekt","Ziel","Start","Start","1050","NA","1050","810","1443","1438","2","legacy","1024","2","48000","-16","experiment","17","odd","legacy","190833","76603","NA","NA","NA","NA","NA","2618","67151","194890","75786","193439","74340","2618","132836","77128","198102","146999","NA","101158","191430","75786","193438","74340","194890","NA","74333","191423","[194890.0, 194900.0, 194910.0, 194920.0, 194930.0, 194940.0, 194950.0, 194960.0, 194970.0, 194980.0, 194990.0, 195000.0, 195010.0, 195020.0, 195030.0, 195040.0, 195050.0, 195060.0, 195070.0, 195080.0, 195090.0, 195100.0, 195110.0, 195120.0, 195130.0, 195140.0, 195150.0, 195160.0, 195170.0, 195180.0, 195190.0, 195200.0, 195210.0, 195220.0, 195230.0, 195240.0, 195250.0, 195260.0, 195270.0, 195280.0, 195290.0, 195300.0, 195310.0, 195320.0, 195330.0, 195340.0, 195350.0, 195360.0, 195370.0, 195380.0, 195390.0, 195400.0, 195410.0, 195420.0, 195430.0, 195440.0, 195450.0, 195460.0, 195470.0, 195480.0, 195490.0, 195500.0, 195510.0, 195520.0, 195530.0, 195540.0, 195550.0, 195560.0, 195570.0, 195580.0, 195590.0, 195600.0, 195610.0, 195620.0, 195630.0, 195640.0, 195650.0, 195660.0, 195670.0, 195680.0, 195690.0, 195700.0, 195710.0, 195720.0, 195730.0, 195740.0, 195750.0, 195760.0, 195770.0, 195780.0, 195790.0, 195800.0, 195810.0, 195820.0, 195830.0, 195840.0, 195850.0, 195860.0, 195870.0, 195880.0, 195890.0, 195900.0, 195910.0, 195920.0, 195930.0, 195940.0]","confidence_categorization","10","12891","10","yes","1680","[45, 45, 45, 45, 45, 45, 45, 45, 45, 45, 45, 45, 45, 45, 45, 45, 45, 45, 44, 44, 43, 43, 43, 42, 40, 39, 39, 38, 35, 35, 35, 35, 35, 35, 35, 35, 35, 35, 35, 35, 35, 35, 35, 35, 35, 35, 35, 35, 35, 35, 35, 35, 35, 35, 35, 35, 35, 35, 35, 35, 35, 35, 35, 35, 35, 35, 35, 35, 35, 35, 35, 35, 35, 46, 70, 92, 117, 163, 185, 206, 223, 253, 267, 280, 293, 331, 353, 376, 398, 443, 467, 488, 513, 558, 574, 589, 603, 625, 632, 638, 643, 656, 662, 667, 672, 680]","[391, 391, 391, 391, 391, 391, 391, 391, 391, 391, 391, 391, 391, 391, 391, 391, 391, 391, 388, 387, 381, 380, 377, 373, 366, 362, 357, 353, 343, 337, 331, 327, 327, 327, 327, 327, 327, 327, 327, 327, 327, 327, 327, 327, 327, 327, 327, 327, 327, 327, 327, 327, 327, 327, 327, 327, 327, 327, 327, 327, 327, 327, 327, 327, 327, 327, 327, 327, 327, 327, 327, 327, 327, 311, 290, 275, 259, 231, 215, 200, 184, 149, 130, 107, 82, 26, 2, -23, -46, -90, -110, -126, -140, -165, -176, -189, -202, -229, -244, -259, -273, -300, -314, -328, -340, -363]"
"Säugetier","Säugetier","Vogel","Atypical","Fledermaus","100","100","","1371","1371","white","no","legacy","legacy","legacy","0","5","relative","1","Säugetier","Ziel","NA","NA","1","1","undefined","undefined","10","2","0","10","0","0","0","0","0","10","2","10","2","0","0","0","11","0","0","0","10","2","10","2","10","0","2","10","Thu 06 Feb 2020 10:27:37 AM CET","Default description","yes","NA","simplified_classification.osexp","/home/experiment/Desktop/classification","no","sans","no","24","no","black","no","5","yes","1050","160","160","190","90","0","legacy","7","2","2","/home/experiment/Desktop/classification/subject-17.csv","legacy","NA","Kafkaesque Koffka","3.2.8b1","0","Säugetier","NA","Säugetier","Ziel","Start","Start","2190","NA","2190","810","3424","1438","2","legacy","1024","2","48000","-16","experiment","17","odd","legacy","198140","76603","NA","NA","NA","NA","NA","2618","67151","204169","75786","200737","74340","2618","132836","77128","207679","146999","NA","101158","198730","75786","200737","74340","204169","NA","74333","198723","[204169.0, 204179.0, 204189.0, 204199.0, 204209.0, 204219.0, 204229.0, 204239.0, 204249.0, 204259.0, 204269.0, 204279.0, 204289.0, 204299.0, 204309.0, 204319.0, 204329.0, 204339.0, 204349.0, 204359.0, 204369.0, 204379.0, 204389.0, 204399.0, 204409.0, 204419.0, 204429.0, 204439.0, 204449.0, 204459.0, 204469.0, 204479.0, 204489.0, 204499.0, 204509.0, 204519.0, 204529.0, 204539.0, 204549.0, 204559.0, 204569.0, 204579.0, 204589.0, 204599.0, 204609.0, 204619.0, 204629.0, 204639.0, 204649.0, 204659.0, 204669.0, 204679.0, 204689.0, 204699.0, 204709.0, 204719.0, 204729.0, 204739.0, 204749.0, 204759.0, 204769.0, 204779.0, 204789.0, 204799.0, 204809.0, 204819.0, 204829.0, 204839.0, 204849.0, 204859.0, 204869.0, 204879.0, 204889.0, 204899.0, 204909.0, 204919.0, 204929.0, 204939.0, 204949.0, 204959.0, 204969.0, 204979.0, 204989.0, 204999.0, 205009.0, 205019.0, 205029.0, 205039.0, 205049.0, 205059.0, 205069.0, 205079.0, 205089.0, 205099.0, 205109.0, 205119.0, 205129.0, 205139.0, 205149.0, 205159.0, 205169.0, 205179.0, 205189.0, 205199.0, 205209.0, 205219.0, 205229.0, 205239.0, 205249.0, 205259.0, 205269.0, 205279.0, 205289.0, 205299.0, 205309.0, 205319.0, 205329.0, 205339.0, 205349.0, 205359.0, 205369.0, 205379.0, 205389.0, 205399.0, 205409.0, 205419.0, 205429.0, 205439.0, 205449.0, 205459.0, 205469.0, 205479.0, 205489.0, 205499.0, 205509.0, 205519.0, 205529.0, 205539.0, 205549.0, 205559.0, 205569.0, 205579.0, 205589.0, 205599.0, 205609.0, 205619.0, 205629.0, 205639.0, 205649.0, 205659.0, 205669.0, 205679.0, 205689.0, 205699.0, 205709.0, 205719.0, 205729.0, 205739.0, 205749.0, 205759.0, 205769.0, 205779.0, 205789.0, 205799.0, 205809.0, 205819.0, 205829.0, 205839.0, 205849.0, 205859.0, 205869.0, 205879.0, 205889.0, 205899.0, 205909.0, 205919.0, 205929.0, 205939.0, 205949.0, 205959.0, 205969.0, 205979.0, 205989.0, 205999.0, 206009.0, 206019.0, 206029.0, 206039.0, 206049.0, 206059.0, 206069.0, 206079.0, 206089.0, 206099.0, 206109.0, 206119.0, 206129.0, 206139.0, 206149.0, 206159.0, 206169.0, 206179.0, 206189.0, 206199.0, 206209.0, 206219.0, 206229.0, 206239.0, 206249.0, 206259.0, 206269.0, 206279.0, 206289.0, 206299.0, 206309.0, 206319.0, 206329.0, 206339.0, 206349.0, 206359.0]","confidence_categorization","11","15081","11","yes","1680","[-26, -26, -26, -26, -26, -26, -26, -26, -26, -26, -26, -26, -26, -26, -26, -26, -26, -27, -29, -31, -33, -35, -35, -35, -35, -35, -35, -35, -35, -35, -35, -35, -35, -35, -35, -35, -35, -35, -35, -35, -35, -35, -35, -35, -35, -35, -35, -35, -35, -35, -35, -35, -35, -35, -35, -35, -35, -35, -35, -35, -35, -35, -35, -35, -35, -35, -35, -35, -35, -35, -35, -35, -35, -31, -28, -26, -22, -22, -22, -24, -26, -31, -35, -39, -44, -55, -63, -71, -81, -106, -119, -130, -141, -165, -178, -190, -201, -215, -218, -219, -220, -207, -196, -177, -157, -148, -148, -148, -148, -148, -148, -148, -148, -148, -148, -148, -148, -148, -148, -148, -148, -148, -148, -148, -148, -148, -148, -148, -148, -148, -148, -148, -148, -148, -148, -148, -148, -149, -149, -149, -149, -149, -149, -149, -148, -153, -153, -154, -155, -155, -155, -155, -155, -155, -154, -153, -152, -150, -149, -148, -148, -148, -148, -148, -148, -147, -147, -146, -146, -144, -144, -144, -144, -142, -142, -142, -142, -140, -140, -139, -139, -139, -138, -138, -138, -138, -138, -138, -138, -138, -138, -138, -138, -137, -137, -136, -135, -135, -136, -140, -148, -174, -191, -213, -238, -290, -318, -345, -368, -408, -424, -438, -447, -463, -469, -476, -481, -496, -507, -517]","[447, 447, 447, 447, 447, 447, 447, 447, 447, 447, 447, 447, 447, 447, 447, 447, 447, 445, 443, 441, 439, 436, 433, 431, 427, 426, 426, 426, 426, 426, 426, 426, 426, 426, 426, 426, 426, 426, 426, 426, 426, 426, 426, 426, 426, 426, 426, 426, 426, 426, 426, 426, 426, 426, 426, 426, 426, 426, 426, 426, 426, 426, 426, 426, 426, 426, 426, 426, 426, 426, 426, 426, 420, 397, 381, 362, 346, 312, 297, 281, 267, 239, 224, 209, 193, 165, 151, 136, 121, 90, 75, 62, 49, 21, 8, -4, -15, -35, -45, -57, -65, -80, -84, -86, -89, -90, -90, -90, -90, -90, -90, -90, -90, -90, -90, -90, -90, -90, -90, -90, -90, -90, -90, -90, -90, -90, -90, -90, -90, -90, -90, -90, -90, -90, -90, -90, -90, -94, -94, -94, -94, -94, -94, -94, -95, -102, -105, -108, -110, -112, -113, -113, -113, -114, -115, -116, -116, -118, -118, -119, -119, -119, -119, -119, -119, -120, -120, -121, -121, -121, -121, -121, -121, -123, -123, -123, -123, -124, -124, -124, -124, -124, -125, -125, -125, -125, -125, -125, -125, -125, -125, -125, -125, -126, -126, -127, -128, -128, -130, -133, -135, -146, -156, -165, -178, -205, -220, -233, -243, -261, -270, -279, -285, -301, -309, -318, -324, -340, -348, -355]"
"Fisch","Fisch","Insekt","Typical","Goldfisch","100","100","","1348.5","1348.5","white","no","legacy","legacy","legacy","0","6","relative","1","Fisch","Ziel","NA","NA","1","1","undefined","undefined","11","2","0","11","0","0","0","0","0","11","2","11","2","0","0","0","12","0","0","0","11","2","11","2","11","0","2","11","Thu 06 Feb 2020 10:27:37 AM CET","Default description","yes","NA","simplified_classification.osexp","/home/experiment/Desktop/classification","no","sans","no","24","no","black","no","6","yes","1050","91","91","190","30","0","legacy","8","2","2","/home/experiment/Desktop/classification/subject-17.csv","legacy","NA","Kafkaesque Koffka","3.2.8b1","0","Fisch","NA","Fisch","Ziel","Start","Start","1101","NA","1101","810","1778","1438","2","legacy","1024","2","48000","-16","experiment","17","odd","legacy","207732","76603","NA","NA","NA","NA","NA","2618","67151","212120","75786","210334","74340","2618","132836","77128","215062","146999","NA","101158","208328","75786","210334","74340","212120","NA","74333","208321","[212120.0, 212131.0, 212141.0, 212151.0, 212161.0, 212171.0, 212181.0, 212191.0, 212201.0, 212211.0, 212221.0, 212231.0, 212241.0, 212251.0, 212261.0, 212271.0, 212281.0, 212291.0, 212301.0, 212311.0, 212321.0, 212331.0, 212341.0, 212351.0, 212361.0, 212371.0, 212381.0, 212391.0, 212401.0, 212411.0, 212421.0, 212431.0, 212441.0, 212451.0, 212461.0, 212471.0, 212481.0, 212491.0, 212501.0, 212511.0, 212521.0, 212531.0, 212541.0, 212551.0, 212561.0, 212571.0, 212581.0, 212591.0, 212601.0, 212611.0, 212621.0, 212631.0, 212641.0, 212651.0, 212661.0, 212671.0, 212681.0, 212691.0, 212701.0, 212711.0, 212721.0, 212731.0, 212741.0, 212751.0, 212761.0, 212771.0, 212781.0, 212791.0, 212801.0, 212811.0, 212821.0, 212831.0, 212841.0, 212851.0, 212861.0, 212871.0, 212881.0, 212891.0, 212901.0, 212911.0, 212921.0, 212931.0, 212941.0, 212951.0, 212961.0, 212971.0, 212981.0, 212991.0, 213001.0, 213011.0, 213021.0, 213031.0, 213041.0, 213051.0, 213061.0, 213071.0, 213081.0, 213091.0, 213101.0, 213111.0, 213121.0, 213131.0, 213141.0, 213151.0, 213161.0, 213171.0, 213181.0, 213191.0, 213201.0, 213211.0, 213221.0]","confidence_categorization","12","16182","12","yes","1680","[48, 48, 48, 48, 48, 48, 48, 48, 48, 48, 47, 46, 46, 46, 44, 42, 41, 37, 36, 32, 30, 26, 25, 22, 22, 22, 22, 22, 22, 26, 29, 31, 34, 42, 44, 44, 44, 44, 44, 44, 44, 44, 44, 44, 44, 44, 44, 44, 44, 44, 44, 44, 44, 44, 44, 44, 44, 44, 44, 44, 44, 44, 44, 44, 44, 44, 44, 44, 43, 28, 17, 7, -6, -33, -49, -68, -87, -128, -149, -170, -195, -247, -272, -298, -323, -362, -375, -385, -393, -401, -404, -408, -412, -418, -421, -422, -423, -423, -423, -423, -423, -427, -430, -434, -439, -455, -468, -482, -497, -532, -553]","[425, 425, 425, 425, 425, 425, 425, 425, 425, 425, 425, 425, 425, 425, 425, 423, 420, 410, 405, 397, 392, 381, 376, 373, 368, 359, 353, 347, 342, 329, 323, 318, 313, 305, 303, 302, 302, 302, 302, 302, 302, 302, 302, 302, 302, 302, 302, 302, 302, 302, 302, 302, 302, 302, 302, 302, 302, 302, 302, 302, 302, 302, 302, 302, 302, 302, 302, 302, 297, 277, 265, 253, 236, 192, 169, 144, 117, 60, 30, -1, -33, -94, -123, -148, -169, -203, -216, -227, -236, -248, -251, -255, -258, -261, -263, -264, -265, -265, -265, -265, -265, -268, -271, -275, -280, -294, -303, -312, -321, -341, -355]"
"Fisch","Reptil","Fisch","Atypical","Aal","100","100","","1331.69230769","1331.69230769","white","no","legacy","legacy","legacy","0","6","relative","1","Fisch","Ziel","NA","NA","1","1","undefined","undefined","12","2","0","12","0","0","0","0","0","12","2","12","2","0","0","0","13","0","0","0","12","2","12","2","12","0","2","12","Thu 06 Feb 2020 10:27:37 AM CET","Default description","yes","NA","simplified_classification.osexp","/home/experiment/Desktop/classification","no","sans","no","24","no","black","no","6","yes","1050","200","200","190","260","0","legacy","9","2","2","/home/experiment/Desktop/classification/subject-17.csv","legacy","NA","Kafkaesque Koffka","3.2.8b1","0","Fisch","NA","Fisch","Ziel","Start","Start","1130","NA","1130","810","2776","1438","2","legacy","1024","2","48000","-16","experiment","17","odd","legacy","215108","76603","NA","NA","NA","NA","NA","2618","67151","220489","75786","217705","74340","2618","132836","77128","223207","146999","NA","101158","215699","75786","217705","74340","220489","NA","74333","215692","[220490.0, 220500.0, 220510.0, 220520.0, 220530.0, 220540.0, 220550.0, 220560.0, 220570.0, 220580.0, 220590.0, 220600.0, 220610.0, 220620.0, 220630.0, 220640.0, 220650.0, 220660.0, 220670.0, 220680.0, 220690.0, 220700.0, 220710.0, 220720.0, 220730.0, 220740.0, 220750.0, 220760.0, 220770.0, 220780.0, 220790.0, 220800.0, 220810.0, 220820.0, 220830.0, 220840.0, 220850.0, 220860.0, 220870.0, 220880.0, 220890.0, 220900.0, 220910.0, 220920.0, 220930.0, 220940.0, 220950.0, 220960.0, 220970.0, 220980.0, 220990.0, 221000.0, 221010.0, 221020.0, 221030.0, 221040.0, 221050.0, 221060.0, 221070.0, 221080.0, 221090.0, 221100.0, 221110.0, 221120.0, 221130.0, 221140.0, 221150.0, 221160.0, 221170.0, 221180.0, 221190.0, 221200.0, 221210.0, 221220.0, 221230.0, 221240.0, 221250.0, 221260.0, 221270.0, 221280.0, 221290.0, 221300.0, 221310.0, 221320.0, 221330.0, 221340.0, 221350.0, 221360.0, 221370.0, 221380.0, 221390.0, 221400.0, 221410.0, 221420.0, 221430.0, 221440.0, 221450.0, 221460.0, 221470.0, 221480.0, 221490.0, 221500.0, 221510.0, 221520.0, 221530.0, 221540.0, 221550.0, 221560.0, 221570.0, 221580.0, 221590.0, 221600.0, 221610.0, 221620.0]","confidence_categorization","13","17312","13","yes","1680","[4, 4, 4, 4, 4, 4, 4, 4, 4, 4, 4, 4, 4, 4, 4, 4, 4, 4, 4, 4, 4, 2, 1, 0, -1, -3, -4, -5, -5, -5, -5, -5, -2, 5, 8, 8, 8, 8, 8, 8, 8, 8, 8, 8, 8, 8, 8, 8, 8, 8, 8, 8, 8, 8, 8, 8, 8, 8, 8, 8, 8, 8, 8, 8, 8, 8, 8, 8, 8, 8, 8, 8, 8, 8, 8, 8, 8, 8, 9, 10, 10, 12, 25, 42, 87, 117, 147, 180, 248, 280, 309, 338, 383, 404, 423, 440, 458, 484, 494, 503, 510, 523, 528, 533, 537, 542, 543, 544, 545, 549, 550, 553, 555, 559]","[401, 401, 401, 401, 401, 401, 401, 401, 401, 401, 401, 401, 401, 401, 401, 401, 401, 401, 401, 401, 401, 402, 402, 401, 399, 391, 387, 381, 376, 362, 354, 346, 340, 325, 320, 320, 320, 320, 320, 320, 320, 320, 320, 320, 320, 320, 320, 320, 320, 320, 320, 320, 320, 320, 320, 320, 320, 320, 320, 320, 320, 320, 320, 320, 320, 320, 320, 320, 320, 320, 320, 320, 320, 320, 320, 320, 320, 320, 320, 320, 316, 314, 301, 281, 239, 216, 193, 170, 116, 88, 54, 25, -32, -60, -86, -111, -134, -176, -193, -209, -221, -244, -255, -267, -280, -300, -309, -315, -321, -333, -339, -345, -351, -365]"
"Vogel","Vogel","Fisch","Atypical","Pinguin","92.8571428571","92.8571428571","","1311.57142857","1311.57142857","white","no","legacy","legacy","legacy","0","3","relative","0","Vogel","Ziel","NA","NA","0","1","undefined","undefined","13","2","0","13","0","0","0","0","0","13","2","13","2","0","0","0","14","0","0","0","13","2","13","2","13","0","2","13","Thu 06 Feb 2020 10:27:37 AM CET","Default description","yes","NA","simplified_classification.osexp","/home/experiment/Desktop/classification","no","sans","no","24","no","black","no","3","yes","1050","60","60","190","240","0","legacy","10","2","2","/home/experiment/Desktop/classification/subject-17.csv","legacy","NA","Kafkaesque Koffka","3.2.8b1","0","Fisch","NA","Fisch","Ziel","Start","Start","1050","NA","1050","810","1035","1438","2","legacy","1024","2","48000","-16","experiment","17","odd","legacy","223247","76603","NA","NA","NA","NA","NA","2618","67151","226897","75786","225855","74340","2618","132836","77128","231479","146999","NA","101158","223847","75786","225854","74340","226897","NA","74333","223840","[226898.0, 226908.0, 226918.0, 226928.0, 226938.0, 226948.0, 226958.0, 226968.0, 226978.0, 226988.0, 226998.0, 227008.0, 227018.0, 227028.0, 227038.0, 227048.0, 227058.0, 227068.0, 227078.0, 227088.0, 227098.0, 227108.0, 227118.0, 227128.0, 227138.0, 227148.0, 227158.0, 227168.0, 227178.0, 227188.0, 227198.0, 227208.0, 227218.0, 227228.0, 227238.0, 227248.0, 227258.0, 227268.0, 227278.0, 227288.0, 227298.0, 227308.0, 227318.0, 227328.0, 227338.0, 227348.0, 227358.0, 227368.0, 227378.0, 227388.0, 227398.0, 227408.0, 227418.0, 227428.0, 227438.0, 227448.0, 227458.0, 227468.0, 227478.0, 227488.0, 227498.0, 227508.0, 227518.0, 227528.0, 227538.0, 227548.0, 227558.0, 227568.0, 227578.0, 227588.0, 227598.0, 227608.0, 227618.0, 227628.0, 227638.0, 227648.0, 227658.0, 227668.0, 227678.0, 227688.0, 227698.0, 227708.0, 227718.0, 227728.0, 227738.0, 227748.0, 227758.0, 227768.0, 227778.0, 227788.0, 227798.0, 227808.0, 227818.0, 227828.0, 227838.0, 227848.0, 227858.0, 227868.0, 227878.0, 227888.0, 227898.0, 227908.0, 227918.0, 227928.0, 227938.0, 227948.0]","confidence_categorization","13","18362","14","yes","1680","[-55, -55, -55, -55, -55, -55, -55, -56, -57, -57, -57, -57, -57, -57, -57, -57, -57, -57, -57, -57, -57, -57, -57, -57, -57, -57, -57, -57, -56, -56, -56, -56, -56, -56, -55, -55, -53, -53, -53, -53, -52, -52, -51, -51, -49, -46, -44, -40, -32, -29, -26, -22, -7, 6, 17, 28, 39, 61, 73, 84, 94, 105, 108, 108, 106, 93, 86, 76, 61, 27, 10, -8, -28, -72, -87, -99, -108, -110, -105, -94, -81, -42, -17, 10, 38, 91, 115, 143, 169, 221, 246, 273, 303, 359, 388, 410, 429, 458, 470, 480, 488, 502, 508, 518, 529, 546]","[420, 420, 420, 420, 420, 420, 420, 419, 418, 418, 418, 418, 418, 418, 418, 418, 418, 418, 418, 418, 418, 418, 418, 418, 418, 418, 418, 418, 416, 416, 416, 416, 416, 416, 416, 416, 415, 415, 415, 415, 414, 414, 413, 413, 411, 408, 404, 398, 384, 376, 364, 351, 320, 302, 285, 269, 254, 224, 208, 193, 177, 151, 137, 121, 106, 74, 60, 44, 27, -6, -22, -39, -58, -95, -113, -128, -139, -158, -166, -175, -180, -194, -204, -210, -219, -234, -242, -248, -255, -269, -274, -278, -282, -283, -283, -283, -283, -284, -285, -289, -293, -305, -313, -324, -339, -364]"
"Vogel","Vogel","Säugetier","Typical","Spatz","93.3333333333","93.3333333333","","1294.13333333","1294.13333333","white","no","legacy","legacy","legacy","0","6","relative","1","Vogel","Ziel","NA","NA","1","1","undefined","undefined","14","2","0","14","0","0","0","0","0","14","2","14","2","0","0","0","15","0","0","0","14","2","14","2","14","0","2","14","Thu 06 Feb 2020 10:27:37 AM CET","Default description","yes","NA","simplified_classification.osexp","/home/experiment/Desktop/classification","no","sans","no","24","no","black","no","6","yes","1050","200","200","190","230","0","legacy","11","2","2","/home/experiment/Desktop/classification/subject-17.csv","legacy","NA","Kafkaesque Koffka","3.2.8b1","0","Vogel","NA","Vogel","Ziel","Start","Start","1050","NA","1050","810","3431","1438","2","legacy","1024","2","48000","-16","experiment","17","odd","legacy","231531","76603","NA","NA","NA","NA","NA","2618","67151","237561","75786","234123","74340","2618","132836","77128","240799","146999","NA","101158","232116","75786","234122","74340","237561","NA","74333","232109","[237562.0, 237572.0, 237582.0, 237592.0, 237602.0, 237612.0, 237622.0, 237632.0, 237642.0, 237652.0, 237662.0, 237672.0, 237682.0, 237692.0, 237702.0, 237712.0, 237722.0, 237732.0, 237742.0, 237752.0, 237762.0, 237772.0, 237782.0, 237792.0, 237802.0, 237812.0, 237822.0, 237832.0, 237842.0, 237852.0, 237862.0, 237872.0, 237882.0, 237892.0, 237902.0, 237912.0, 237922.0, 237932.0, 237942.0, 237952.0, 237962.0, 237972.0, 237982.0, 237992.0, 238002.0, 238012.0, 238022.0, 238032.0, 238042.0, 238052.0, 238062.0, 238072.0, 238082.0, 238092.0, 238102.0, 238112.0, 238122.0, 238132.0, 238142.0, 238152.0, 238162.0, 238172.0, 238182.0, 238192.0, 238202.0, 238212.0, 238222.0, 238232.0, 238242.0, 238252.0, 238262.0, 238272.0, 238282.0, 238292.0, 238302.0, 238312.0, 238322.0, 238332.0, 238342.0, 238352.0, 238362.0, 238372.0, 238382.0, 238392.0, 238402.0, 238412.0, 238422.0, 238432.0, 238442.0, 238452.0, 238462.0, 238472.0, 238482.0, 238492.0, 238502.0, 238512.0, 238522.0, 238532.0, 238542.0, 238552.0, 238562.0, 238572.0, 238582.0, 238592.0, 238602.0, 238612.0]","confidence_categorization","14","19412","15","yes","1680","[-93, -93, -93, -93, -93, -93, -93, -93, -93, -93, -93, -93, -93, -93, -93, -93, -93, -93, -93, -93, -93, -92, -92, -92, -89, -88, -87, -83, -81, -75, -73, -72, -72, -69, -69, -71, -74, -76, -76, -76, -76, -76, -76, -76, -76, -76, -76, -76, -76, -76, -76, -76, -76, -76, -76, -76, -76, -76, -76, -76, -76, -76, -76, -76, -76, -76, -76, -76, -76, -76, -76, -76, -96, -110, -123, -140, -177, -199, -221, -245, -291, -315, -336, -354, -397, -416, -437, -456, -472, -501, -510, -516, -519, -519, -519, -519, -517, -516, -516, -516, -519, -526, -527, -530, -531, -537]","[413, 413, 413, 413, 413, 413, 413, 413, 413, 413, 413, 413, 413, 413, 413, 413, 413, 413, 413, 413, 413, 409, 403, 394, 386, 372, 363, 354, 344, 323, 314, 306, 297, 283, 278, 272, 266, 256, 256, 256, 256, 256, 256, 256, 256, 256, 256, 256, 256, 256, 256, 256, 256, 256, 256, 256, 256, 256, 256, 256, 256, 256, 256, 256, 256, 256, 256, 256, 256, 256, 256, 256, 233, 213, 195, 174, 130, 106, 83, 60, 20, -2, -23, -42, -82, -103, -124, -144, -162, -195, -207, -216, -224, -237, -241, -246, -252, -263, -273, -282, -293, -311, -319, -328, -337, -357]"
"Säugetier","Säugetier","Fisch","Typical","Löwe","93.75","93.75","","1266.375","1266.375","white","no","legacy","legacy","legacy","0","6","relative","1","Säugetier","Ziel","NA","NA","1","1","undefined","undefined","15","2","0","15","0","0","0","0","0","15","2","15","2","0","0","0","16","0","0","0","15","2","15","2","15","0","2","15","Thu 06 Feb 2020 10:27:37 AM CET","Default description","yes","NA","simplified_classification.osexp","/home/experiment/Desktop/classification","no","sans","no","24","no","black","no","6","yes","1050","80","80","190","10","0","legacy","12","2","2","/home/experiment/Desktop/classification/subject-17.csv","legacy","NA","Kafkaesque Koffka","3.2.8b1","0","Säugetier","NA","Säugetier","Ziel","Start","Start","850","NA","850","810","860","1438","2","legacy","1024","2","48000","-16","experiment","17","odd","legacy","240855","76603","NA","NA","NA","NA","NA","2618","67151","244328","75786","243460","74340","2618","132836","77128","246214","146999","NA","101158","241454","75786","243460","74340","244328","NA","74333","241447","[244329.0, 244339.0, 244349.0, 244359.0, 244369.0, 244379.0, 244389.0, 244399.0, 244409.0, 244419.0, 244429.0, 244439.0, 244449.0, 244459.0, 244469.0, 244479.0, 244489.0, 244499.0, 244509.0, 244519.0, 244529.0, 244539.0, 244549.0, 244559.0, 244569.0, 244579.0, 244589.0, 244599.0, 244609.0, 244619.0, 244629.0, 244639.0, 244649.0, 244659.0, 244669.0, 244679.0, 244689.0, 244699.0, 244709.0, 244719.0, 244729.0, 244739.0, 244749.0, 244759.0, 244769.0, 244779.0, 244789.0, 244799.0, 244809.0, 244819.0, 244829.0, 244839.0, 244849.0, 244859.0, 244869.0, 244879.0, 244889.0, 244899.0, 244909.0, 244919.0, 244929.0, 244939.0, 244949.0, 244959.0, 244969.0, 244979.0, 244989.0, 244999.0, 245009.0, 245019.0, 245029.0, 245039.0, 245049.0, 245059.0, 245069.0, 245079.0, 245089.0, 245099.0, 245109.0, 245119.0, 245129.0, 245139.0, 245149.0, 245159.0, 245169.0, 245179.0]","confidence_categorization","15","20262","16","yes","1680","[-60, -60, -60, -60, -60, -60, -60, -60, -60, -61, -62, -63, -64, -66, -66, -66, -68, -71, -74, -76, -79, -84, -85, -85, -86, -86, -86, -85, -82, -81, -81, -81, -81, -81, -81, -81, -81, -78, -78, -80, -82, -88, -93, -99, -106, -125, -139, -153, -168, -195, -206, -216, -225, -244, -253, -260, -269, -277, -280, -284, -285, -285, -285, -285, -284, -281, -281, -281, -281, -281, -284, -290, -298, -318, -332, -345, -361, -398, -417, -435, -450, -478, -490, -502, -512, -529]","[418, 418, 418, 418, 418, 418, 418, 418, 418, 418, 416, 415, 413, 410, 409, 407, 405, 399, 395, 390, 386, 378, 375, 373, 372, 369, 368, 366, 362, 353, 346, 337, 326, 300, 286, 273, 260, 241, 233, 224, 217, 201, 188, 176, 161, 130, 114, 100, 86, 62, 51, 38, 26, -1, -14, -26, -37, -50, -57, -64, -69, -78, -83, -88, -93, -101, -106, -109, -114, -126, -133, -142, -154, -177, -191, -204, -220, -251, -267, -283, -295, -320, -331, -342, -350, -365]"
"Vogel","Vogel","Reptil","Typical","Falke","94.1176470588","94.1176470588","","1290.11764706","1290.11764706","white","no","legacy","legacy","legacy","0","6","relative","1","Vogel","Ziel","NA","NA","1","1","undefined","undefined","16","2","0","16","0","0","0","0","0","16","2","16","2","0","0","0","17","0","0","0","16","2","16","2","16","0","2","16","Thu 06 Feb 2020 10:27:37 AM CET","Default description","yes","NA","simplified_classification.osexp","/home/experiment/Desktop/classification","no","sans","no","24","no","black","no","6","yes","1050","80","80","190","40","0","legacy","13","2","2","/home/experiment/Desktop/classification/subject-17.csv","legacy","NA","Kafkaesque Koffka","3.2.8b1","0","Vogel","NA","Vogel","Ziel","Start","Start","1670","NA","1670","810","1274","1438","2","legacy","1024","2","48000","-16","experiment","17","odd","legacy","246263","76603","NA","NA","NA","NA","NA","2618","67151","250136","75786","248855","74340","2618","132836","77128","254133","146999","NA","101158","246848","75786","248854","74340","250136","NA","74333","246841","[250137.0, 250147.0, 250157.0, 250167.0, 250177.0, 250187.0, 250197.0, 250207.0, 250217.0, 250227.0, 250237.0, 250247.0, 250257.0, 250267.0, 250277.0, 250287.0, 250297.0, 250307.0, 250317.0, 250327.0, 250337.0, 250347.0, 250357.0, 250367.0, 250377.0, 250387.0, 250397.0, 250407.0, 250417.0, 250427.0, 250437.0, 250447.0, 250457.0, 250467.0, 250477.0, 250487.0, 250497.0, 250507.0, 250517.0, 250527.0, 250537.0, 250547.0, 250557.0, 250567.0, 250577.0, 250587.0, 250597.0, 250607.0, 250617.0, 250627.0, 250637.0, 250647.0, 250657.0, 250667.0, 250677.0, 250687.0, 250697.0, 250707.0, 250717.0, 250727.0, 250737.0, 250747.0, 250757.0, 250767.0, 250777.0, 250787.0, 250797.0, 250807.0, 250817.0, 250827.0, 250837.0, 250847.0, 250857.0, 250867.0, 250877.0, 250887.0, 250897.0, 250907.0, 250917.0, 250927.0, 250937.0, 250947.0, 250957.0, 250967.0, 250977.0, 250987.0, 250997.0, 251007.0, 251017.0, 251027.0, 251037.0, 251047.0, 251057.0, 251067.0, 251077.0, 251087.0, 251097.0, 251107.0, 251117.0, 251127.0, 251137.0, 251147.0, 251157.0, 251167.0, 251177.0, 251187.0, 251197.0, 251207.0, 251217.0, 251227.0, 251237.0, 251247.0, 251257.0, 251267.0, 251277.0, 251287.0, 251297.0, 251307.0, 251317.0, 251327.0, 251337.0, 251347.0, 251357.0, 251367.0, 251377.0, 251387.0, 251397.0, 251407.0, 251417.0, 251427.0, 251437.0, 251447.0, 251457.0, 251467.0, 251477.0, 251487.0, 251497.0, 251507.0, 251517.0, 251527.0, 251537.0, 251547.0, 251557.0, 251567.0, 251577.0, 251587.0, 251597.0, 251607.0, 251617.0, 251627.0, 251637.0, 251647.0, 251657.0, 251667.0, 251677.0, 251687.0, 251697.0, 251707.0, 251717.0, 251727.0, 251737.0, 251747.0, 251757.0, 251767.0, 251777.0, 251787.0, 251797.0, 251807.0]","confidence_categorization","16","21932","17","yes","1680","[-50, -50, -50, -50, -50, -50, -50, -50, -50, -50, -50, -50, -50, -50, -50, -50, -50, -50, -50, -50, -50, -50, -50, -50, -50, -50, -50, -49, -49, -48, -47, -47, -46, -45, -45, -43, -42, -42, -41, -40, -38, -33, -28, -23, -18, -11, -10, -8, -8, -7, -6, -5, -2, 5, 11, 14, 14, 14, 14, 14, 14, 14, 14, 14, 14, 14, 14, 14, 14, 14, 14, 14, 14, 14, 14, 14, 14, 14, 14, 14, 14, 18, 28, 39, 55, 95, 120, 144, 172, 234, 267, 302, 337, 404, 432, 453, 471, 495, 503, 508, 510, 510, 509, 506, 505, 504, 503, 501, 500, 497, 495, 492, 487, 471, 458, 448, 440, 425, 418, 411, 405, 392, 386, 380, 374, 363, 357, 349, 339, 316, 300, 282, 260, 211, 182, 149, 116, 37, -1, -41, -78, -143, -171, -194, -214, -243, -254, -259, -262, -264, -265, -269, -275, -292, -303, -314, -325, -345, -353, -360, -369, -393, -404, -420, -433, -460, -475, -493]","[427, 427, 427, 427, 427, 427, 427, 427, 427, 426, 425, 425, 423, 423, 423, 423, 423, 422, 422, 421, 421, 418, 417, 416, 415, 412, 412, 410, 410, 409, 408, 407, 405, 397, 392, 387, 381, 365, 356, 347, 337, 312, 296, 281, 268, 241, 227, 214, 200, 179, 170, 161, 152, 131, 119, 115, 115, 115, 115, 115, 115, 115, 115, 115, 115, 115, 115, 115, 115, 115, 115, 115, 115, 115, 115, 115, 115, 115, 115, 115, 115, 112, 102, 95, 89, 71, 61, 46, 31, -5, -23, -44, -64, -103, -121, -136, -152, -179, -191, -202, -213, -230, -238, -243, -248, -254, -259, -261, -263, -264, -264, -264, -264, -264, -264, -264, -264, -264, -264, -264, -264, -263, -262, -260, -258, -256, -255, -255, -255, -255, -255, -255, -255, -255, -255, -255, -259, -270, -275, -281, -286, -296, -300, -304, -308, -316, -320, -321, -323, -325, -326, -329, -334, -343, -347, -351, -354, -360, -361, -364, -365, -368, -370, -373, -374, -376, -379, -381]"
"Säugetier","Insekt","Säugetier","Typical","Hund","94.4444444444","94.4444444444","","1281.77777778","1281.77777778","white","no","legacy","legacy","legacy","0","6","relative","1","Säugetier","Ziel","NA","NA","1","1","undefined","undefined","17","2","0","17","0","0","0","0","0","17","2","17","2","0","0","0","18","0","0","0","17","2","17","2","17","0","2","17","Thu 06 Feb 2020 10:27:37 AM CET","Default description","yes","NA","simplified_classification.osexp","/home/experiment/Desktop/classification","no","sans","no","24","no","black","no","6","yes","1050","200","200","190","300","0","legacy","14","2","2","/home/experiment/Desktop/classification/subject-17.csv","legacy","NA","Kafkaesque Koffka","3.2.8b1","0","Säugetier","NA","Säugetier","Ziel","Start","Start","1140","NA","1140","810","1796","1438","2","legacy","1024","2","48000","-16","experiment","17","odd","legacy","254187","76603","NA","NA","NA","NA","NA","2618","67151","258594","75786","256790","74340","2618","132836","77128","261326","146999","NA","101158","254783","75786","256790","74340","258594","NA","74333","254776","[258594.0, 258604.0, 258614.0, 258624.0, 258634.0, 258644.0, 258654.0, 258664.0, 258674.0, 258684.0, 258694.0, 258704.0, 258714.0, 258724.0, 258734.0, 258744.0, 258754.0, 258764.0, 258774.0, 258784.0, 258794.0, 258804.0, 258814.0, 258824.0, 258834.0, 258844.0, 258854.0, 258864.0, 258874.0, 258884.0, 258894.0, 258904.0, 258914.0, 258924.0, 258934.0, 258944.0, 258954.0, 258964.0, 258974.0, 258984.0, 258994.0, 259004.0, 259014.0, 259024.0, 259034.0, 259044.0, 259054.0, 259064.0, 259074.0, 259084.0, 259094.0, 259104.0, 259114.0, 259124.0, 259134.0, 259144.0, 259154.0, 259164.0, 259174.0, 259184.0, 259194.0, 259204.0, 259214.0, 259224.0, 259234.0, 259244.0, 259254.0, 259264.0, 259274.0, 259284.0, 259294.0, 259304.0, 259314.0, 259324.0, 259334.0, 259344.0, 259354.0, 259364.0, 259374.0, 259384.0, 259394.0, 259404.0, 259414.0, 259424.0, 259434.0, 259444.0, 259454.0, 259464.0, 259474.0, 259484.0, 259494.0, 259504.0, 259514.0, 259524.0, 259534.0, 259544.0, 259554.0, 259564.0, 259574.0, 259584.0, 259594.0, 259604.0, 259614.0, 259624.0, 259634.0, 259644.0, 259654.0, 259664.0, 259674.0, 259684.0, 259694.0, 259704.0, 259714.0, 259724.0, 259734.0]","confidence_categorization","17","23072","18","yes","1680","[-26, -26, -26, -26, -26, -26, -26, -26, -26, -26, -26, -26, -26, -26, -26, -26, -26, -26, -26, -26, -26, -29, -29, -29, -30, -30, -30, -30, -30, -31, -32, -33, -36, -39, -39, -39, -38, -33, -32, -30, -27, -27, -27, -27, -27, -27, -27, -27, -27, -27, -27, -27, -27, -27, -27, -27, -27, -27, -27, -27, -27, -27, -27, -27, -27, -27, -27, -27, -27, -27, -27, -27, -27, -27, -27, -27, -27, -27, -27, -20, -3, 9, 26, 42, 81, 102, 124, 149, 174, 229, 258, 284, 309, 352, 370, 385, 400, 428, 441, 453, 462, 472, 474, 477, 478, 483, 485, 489, 493, 499, 504, 509, 513, 524, 531]","[389, 389, 389, 389, 389, 389, 389, 389, 389, 389, 389, 389, 389, 389, 389, 389, 389, 389, 389, 389, 389, 385, 382, 378, 376, 370, 366, 362, 357, 350, 345, 340, 333, 317, 309, 300, 291, 271, 260, 250, 242, 226, 220, 212, 207, 207, 207, 207, 207, 207, 207, 207, 207, 207, 207, 207, 207, 207, 207, 207, 207, 207, 207, 207, 207, 207, 207, 207, 207, 207, 207, 207, 207, 207, 207, 207, 207, 207, 207, 196, 180, 170, 159, 146, 120, 105, 89, 71, 52, 10, -11, -34, -55, -95, -114, -130, -148, -180, -194, -207, -218, -238, -247, -255, -263, -278, -285, -290, -297, -310, -318, -327, -334, -349, -355]"
"Säugetier","Reptil","Säugetier","Typical","Katze","94.7368421053","94.7368421053","","1296.42105263","1296.42105263","white","no","legacy","legacy","legacy","0","6","relative","1","Säugetier","Ziel","NA","NA","1","1","undefined","undefined","18","2","0","18","0","0","0","0","0","18","2","18","2","0","0","0","19","0","0","0","18","2","18","2","18","0","2","18","Thu 06 Feb 2020 10:27:37 AM CET","Default description","yes","NA","simplified_classification.osexp","/home/experiment/Desktop/classification","no","sans","no","24","no","black","no","6","yes","1050","180","180","190","90","0","legacy","15","2","2","/home/experiment/Desktop/classification/subject-17.csv","legacy","NA","Kafkaesque Koffka","3.2.8b1","0","Säugetier","NA","Säugetier","Ziel","Start","Start","1560","NA","1560","810","1891","1438","2","legacy","1024","2","48000","-16","experiment","17","odd","legacy","261378","76603","NA","NA","NA","NA","NA","2618","67151","265874","75786","263975","74340","2618","132836","77128","268855","146999","NA","101158","261968","75786","263975","74340","265874","NA","74333","261961","[265874.0, 265884.0, 265894.0, 265904.0, 265914.0, 265924.0, 265934.0, 265944.0, 265954.0, 265964.0, 265974.0, 265984.0, 265994.0, 266004.0, 266014.0, 266024.0, 266034.0, 266044.0, 266054.0, 266064.0, 266074.0, 266084.0, 266094.0, 266104.0, 266114.0, 266124.0, 266134.0, 266144.0, 266154.0, 266164.0, 266174.0, 266184.0, 266194.0, 266204.0, 266214.0, 266224.0, 266234.0, 266244.0, 266254.0, 266264.0, 266274.0, 266284.0, 266294.0, 266304.0, 266314.0, 266324.0, 266334.0, 266344.0, 266354.0, 266364.0, 266374.0, 266384.0, 266394.0, 266404.0, 266414.0, 266424.0, 266434.0, 266444.0, 266454.0, 266464.0, 266474.0, 266484.0, 266494.0, 266504.0, 266514.0, 266524.0, 266534.0, 266544.0, 266554.0, 266564.0, 266574.0, 266584.0, 266594.0, 266604.0, 266614.0, 266624.0, 266634.0, 266644.0, 266654.0, 266664.0, 266674.0, 266684.0, 266694.0, 266704.0, 266714.0, 266724.0, 266734.0, 266744.0, 266754.0, 266764.0, 266774.0, 266784.0, 266794.0, 266804.0, 266814.0, 266824.0, 266834.0, 266844.0, 266854.0, 266864.0, 266874.0, 266884.0, 266894.0, 266904.0, 266914.0, 266924.0, 266934.0, 266944.0, 266954.0, 266964.0, 266974.0, 266984.0, 266994.0, 267004.0, 267014.0, 267024.0, 267034.0, 267044.0, 267054.0, 267064.0, 267074.0, 267084.0, 267094.0, 267104.0, 267114.0, 267124.0, 267134.0, 267144.0, 267154.0, 267164.0, 267174.0, 267184.0, 267194.0, 267204.0, 267214.0, 267224.0, 267234.0, 267244.0, 267254.0, 267264.0, 267274.0, 267284.0, 267294.0, 267304.0, 267314.0, 267324.0, 267334.0, 267344.0, 267354.0, 267364.0, 267374.0, 267384.0, 267394.0, 267404.0, 267414.0, 267424.0, 267434.0]","confidence_categorization","18","24632","19","yes","1680","[-21, -21, -21, -21, -21, -21, -21, -21, -21, -21, -21, -21, -21, -21, -21, -21, -21, -21, -21, -21, -24, -24, -25, -26, -26, -26, -26, -26, -26, -26, -26, -26, -29, -30, -34, -34, -34, -34, -35, -36, -36, -38, -39, -39, -39, -39, -39, -39, -39, -39, -39, -39, -39, -39, -39, -39, -39, -39, -39, -39, -39, -39, -39, -39, -39, -39, -39, -39, -39, -39, -39, -39, -39, -39, -39, -39, -39, -39, -39, -39, -39, -39, -39, -39, -39, -39, -39, -39, -39, -39, -39, -39, -39, -39, -39, -39, -41, -44, -45, -45, -45, -33, -24, -12, -1, 21, 30, 40, 48, 63, 69, 77, 83, 95, 100, 106, 115, 120, 127, 133, 147, 154, 164, 174, 193, 202, 209, 214, 225, 230, 237, 245, 266, 281, 293, 307, 334, 345, 354, 363, 375, 383, 390, 397, 411, 419, 426, 436, 455, 467, 481, 495, 526, 540, 552, 564, 582]","[398, 398, 398, 398, 398, 398, 398, 398, 398, 398, 398, 398, 398, 398, 398, 398, 398, 398, 398, 396, 388, 386, 383, 381, 376, 374, 372, 371, 366, 362, 357, 352, 337, 329, 321, 311, 288, 279, 272, 267, 258, 253, 247, 241, 223, 214, 207, 201, 189, 186, 186, 186, 186, 186, 186, 186, 186, 186, 186, 186, 186, 186, 186, 186, 186, 186, 186, 186, 186, 186, 186, 186, 186, 186, 186, 186, 186, 186, 186, 186, 186, 186, 186, 186, 186, 186, 186, 186, 186, 186, 186, 186, 186, 186, 186, 186, 185, 176, 171, 166, 161, 147, 140, 130, 120, 103, 95, 86, 78, 60, 51, 40, 29, 11, 2, -4, -14, -19, -25, -29, -39, -45, -53, -60, -77, -89, -97, -105, -118, -123, -129, -135, -150, -160, -170, -180, -203, -213, -222, -232, -246, -252, -257, -263, -273, -279, -284, -292, -302, -308, -315, -322, -335, -341, -347, -354, -364]"
"Fisch","Säugetier","Fisch","Typical","Lachs","95","95","","1287.6","1287.6","white","no","legacy","legacy","legacy","0","6","relative","1","Fisch","Ziel","NA","NA","1","1","undefined","undefined","19","2","0","19","0","0","0","0","0","19","2","19","2","0","0","0","20","0","0","0","19","2","19","2","19","0","2","19","Thu 06 Feb 2020 10:27:37 AM CET","Default description","yes","NA","simplified_classification.osexp","/home/experiment/Desktop/classification","no","sans","no","24","no","black","no","6","yes","1050","70","70","190","320","0","legacy","16","2","2","/home/experiment/Desktop/classification/subject-17.csv","legacy","NA","Kafkaesque Koffka","3.2.8b1","0","Fisch","NA","Fisch","Ziel","Start","Start","1120","NA","1120","810","1800","1438","2","legacy","1024","2","48000","-16","experiment","17","odd","legacy","268921","76603","NA","NA","NA","NA","NA","2618","67151","273336","75786","271529","74340","2618","132836","77128","276133","146999","NA","101158","269522","75786","271529","74340","273336","NA","74333","269515","[273337.0, 273347.0, 273357.0, 273367.0, 273377.0, 273387.0, 273397.0, 273407.0, 273417.0, 273427.0, 273437.0, 273447.0, 273457.0, 273467.0, 273477.0, 273487.0, 273497.0, 273507.0, 273517.0, 273527.0, 273537.0, 273547.0, 273557.0, 273567.0, 273577.0, 273587.0, 273597.0, 273607.0, 273617.0, 273627.0, 273637.0, 273647.0, 273657.0, 273667.0, 273677.0, 273687.0, 273697.0, 273707.0, 273717.0, 273727.0, 273737.0, 273747.0, 273757.0, 273767.0, 273777.0, 273787.0, 273797.0, 273807.0, 273817.0, 273827.0, 273837.0, 273847.0, 273857.0, 273867.0, 273877.0, 273887.0, 273897.0, 273907.0, 273917.0, 273927.0, 273937.0, 273947.0, 273957.0, 273967.0, 273977.0, 273987.0, 273997.0, 274007.0, 274017.0, 274027.0, 274037.0, 274047.0, 274057.0, 274067.0, 274077.0, 274087.0, 274097.0, 274107.0, 274117.0, 274127.0, 274137.0, 274147.0, 274157.0, 274167.0, 274177.0, 274187.0, 274197.0, 274207.0, 274217.0, 274227.0, 274237.0, 274247.0, 274257.0, 274267.0, 274277.0, 274287.0, 274297.0, 274307.0, 274317.0, 274327.0, 274337.0, 274347.0, 274357.0, 274367.0, 274377.0, 274387.0, 274397.0, 274407.0, 274417.0, 274427.0, 274437.0, 274447.0, 274457.0]","confidence_categorization","19","25752","20","yes","1680","[-9, -9, -9, -9, -9, -9, -9, -9, -10, -13, -15, -16, -17, -20, -20, -20, -21, -21, -21, -20, -17, -14, -14, -14, -14, -9, -7, -4, -4, -4, -4, -4, -4, -4, -4, -4, -4, -4, -4, -4, -4, -4, -4, -4, -4, -4, -4, -4, -4, -4, -4, -4, -4, -4, -4, -4, -4, -4, -4, -4, -4, -4, -4, -4, -4, -4, -4, -4, -4, -4, -4, -4, -4, 3, 10, 17, 27, 48, 61, 75, 89, 125, 143, 162, 181, 221, 243, 263, 283, 321, 337, 353, 370, 405, 422, 435, 447, 470, 480, 489, 497, 508, 513, 516, 519, 526, 532, 536, 542, 552, 558, 563, 570]","[449, 449, 449, 449, 449, 449, 449, 449, 450, 449, 448, 446, 445, 438, 434, 429, 421, 400, 386, 373, 359, 332, 319, 305, 291, 264, 250, 245, 245, 245, 245, 245, 245, 245, 245, 245, 245, 245, 245, 245, 245, 245, 245, 245, 245, 245, 245, 245, 245, 245, 245, 245, 245, 245, 245, 245, 245, 245, 245, 245, 245, 245, 245, 245, 245, 245, 245, 245, 245, 245, 245, 245, 238, 220, 208, 196, 183, 155, 140, 123, 105, 63, 42, 22, 0, -42, -65, -87, -110, -150, -167, -185, -199, -226, -238, -248, -257, -273, -280, -288, -294, -304, -309, -312, -316, -323, -328, -331, -335, -343, -348, -352, -356]"
"Reptil","Reptil","Vogel","Typical","Klapperschlange","95.2380952381","95.2380952381","","1284.85714286","1284.85714286","white","no","legacy","legacy","legacy","0","6","relative","1","Reptil","Ziel","NA","NA","1","1","undefined","undefined","20","2","0","20","0","0","0","0","0","20","2","20","2","0","0","0","21","0","0","0","20","2","20","2","20","0","2","20","Thu 06 Feb 2020 10:27:37 AM CET","Default description","yes","NA","simplified_classification.osexp","/home/experiment/Desktop/classification","no","sans","no","24","no","black","no","6","yes","1050","90","90","190","0","0","legacy","17","2","2","/home/experiment/Desktop/classification/subject-17.csv","legacy","NA","Kafkaesque Koffka","3.2.8b1","0","Reptil","NA","Reptil","Ziel","Start","Start","1230","NA","1230","810","2501","1438","2","legacy","1024","2","48000","-16","experiment","17","odd","legacy","276186","76603","NA","NA","NA","NA","NA","2618","67151","281296","75786","278787","74340","2618","132836","77128","284446","146999","NA","101158","276781","75786","278787","74340","281296","NA","74333","276774","[281297.0, 281307.0, 281317.0, 281327.0, 281337.0, 281347.0, 281357.0, 281367.0, 281377.0, 281387.0, 281397.0, 281407.0, 281417.0, 281427.0, 281437.0, 281447.0, 281457.0, 281467.0, 281477.0, 281487.0, 281497.0, 281507.0, 281517.0, 281527.0, 281537.0, 281547.0, 281557.0, 281567.0, 281577.0, 281587.0, 281597.0, 281607.0, 281617.0, 281627.0, 281637.0, 281647.0, 281657.0, 281667.0, 281677.0, 281687.0, 281697.0, 281707.0, 281717.0, 281727.0, 281737.0, 281747.0, 281757.0, 281767.0, 281777.0, 281787.0, 281797.0, 281807.0, 281817.0, 281827.0, 281837.0, 281847.0, 281857.0, 281867.0, 281877.0, 281887.0, 281897.0, 281907.0, 281917.0, 281927.0, 281937.0, 281947.0, 281957.0, 281967.0, 281977.0, 281987.0, 281997.0, 282007.0, 282017.0, 282027.0, 282037.0, 282047.0, 282057.0, 282067.0, 282077.0, 282087.0, 282097.0, 282107.0, 282117.0, 282127.0, 282137.0, 282147.0, 282157.0, 282167.0, 282177.0, 282187.0, 282197.0, 282207.0, 282217.0, 282227.0, 282237.0, 282247.0, 282257.0, 282267.0, 282277.0, 282287.0, 282297.0, 282307.0, 282317.0, 282327.0, 282337.0, 282347.0, 282357.0, 282367.0, 282377.0, 282387.0, 282397.0, 282407.0, 282417.0, 282427.0, 282437.0, 282447.0, 282457.0, 282467.0, 282477.0, 282487.0, 282497.0, 282507.0, 282517.0, 282527.0]","confidence_categorization","20","26982","21","yes","1680","[34, 34, 34, 34, 34, 34, 34, 34, 34, 34, 31, 30, 28, 26, 26, 26, 26, 26, 26, 25, 24, 22, 20, 19, 18, 17, 17, 17, 17, 21, 26, 28, 31, 31, 31, 30, 29, 29, 28, 28, 28, 28, 28, 28, 28, 28, 28, 28, 28, 28, 28, 28, 28, 28, 28, 28, 28, 28, 28, 28, 28, 28, 28, 28, 28, 28, 28, 28, 28, 28, 28, 28, 28, 28, 28, 28, 28, 28, 28, 28, 23, 1, -13, -25, -33, -68, -76, -91, -108, -140, -151, -158, -163, -173, -180, -189, -200, -230, -245, -261, -277, -310, -325, -338, -351, -375, -383, -392, -398, -408, -411, -416, -420, -430, -435, -443, -449, -463, -471, -478, -487, -507, -517, -527]","[395, 395, 395, 395, 395, 395, 395, 395, 395, 395, 395, 395, 395, 395, 395, 395, 395, 395, 395, 391, 383, 364, 353, 344, 333, 313, 303, 294, 284, 264, 253, 242, 231, 210, 201, 192, 183, 169, 167, 167, 167, 167, 167, 167, 167, 167, 167, 167, 167, 167, 167, 167, 167, 167, 167, 167, 167, 167, 167, 167, 167, 167, 167, 167, 167, 167, 167, 167, 167, 167, 167, 167, 167, 167, 167, 167, 167, 167, 167, 167, 163, 152, 145, 140, 131, 121, 117, 107, 96, 70, 57, 43, 32, 9, -2, -14, -26, -48, -56, -67, -76, -96, -108, -118, -129, -153, -163, -175, -184, -204, -213, -223, -230, -244, -250, -258, -266, -284, -295, -304, -316, -339, -350, -360]"
"Säugetier","Vogel","Säugetier","Typical","Pferd","95.4545454545","95.4545454545","","1286.90909091","1286.90909091","white","no","legacy","legacy","legacy","0","6","relative","1","Säugetier","Ziel","NA","NA","1","1","undefined","undefined","21","2","0","21","0","0","0","0","0","21","2","21","2","0","0","0","22","0","0","0","21","2","21","2","21","0","2","21","Thu 06 Feb 2020 10:27:37 AM CET","Default description","yes","NA","simplified_classification.osexp","/home/experiment/Desktop/classification","no","sans","no","24","no","black","no","6","yes","1050","170","170","190","330","0","legacy","18","2","2","/home/experiment/Desktop/classification/subject-17.csv","legacy","NA","Kafkaesque Koffka","3.2.8b1","0","Säugetier","NA","Säugetier","Ziel","Start","Start","1330","NA","1330","810","2214","1438","2","legacy","1024","2","48000","-16","experiment","17","odd","legacy","284520","76603","NA","NA","NA","NA","NA","2618","67151","289344","75786","287123","74340","2618","132836","77128","292903","146999","NA","101158","285116","75786","287122","74340","289344","NA","74333","285109","[289344.0, 289354.0, 289364.0, 289374.0, 289384.0, 289394.0, 289404.0, 289414.0, 289424.0, 289434.0, 289444.0, 289454.0, 289464.0, 289474.0, 289484.0, 289494.0, 289504.0, 289514.0, 289524.0, 289534.0, 289544.0, 289554.0, 289564.0, 289574.0, 289584.0, 289594.0, 289604.0, 289614.0, 289624.0, 289634.0, 289644.0, 289654.0, 289664.0, 289674.0, 289684.0, 289694.0, 289704.0, 289714.0, 289724.0, 289734.0, 289744.0, 289754.0, 289764.0, 289774.0, 289784.0, 289794.0, 289804.0, 289814.0, 289824.0, 289834.0, 289844.0, 289854.0, 289864.0, 289874.0, 289884.0, 289894.0, 289904.0, 289914.0, 289924.0, 289934.0, 289944.0, 289954.0, 289964.0, 289974.0, 289984.0, 289994.0, 290004.0, 290014.0, 290024.0, 290034.0, 290044.0, 290054.0, 290064.0, 290074.0, 290084.0, 290094.0, 290104.0, 290114.0, 290124.0, 290134.0, 290144.0, 290154.0, 290164.0, 290174.0, 290184.0, 290194.0, 290204.0, 290214.0, 290224.0, 290234.0, 290244.0, 290254.0, 290264.0, 290274.0, 290284.0, 290294.0, 290304.0, 290314.0, 290324.0, 290334.0, 290344.0, 290354.0, 290364.0, 290374.0, 290384.0, 290394.0, 290404.0, 290414.0, 290424.0, 290434.0, 290444.0, 290454.0, 290464.0, 290474.0, 290484.0, 290494.0, 290504.0, 290514.0, 290524.0, 290534.0, 290544.0, 290554.0, 290564.0, 290574.0, 290584.0, 290594.0, 290604.0, 290614.0, 290624.0, 290634.0, 290644.0, 290654.0, 290664.0, 290674.0]","confidence_categorization","21","28312","22","yes","1680","[18, 18, 18, 18, 18, 18, 18, 18, 18, 18, 18, 18, 18, 18, 18, 18, 18, 18, 18, 15, 14, 9, 2, -2, -6, -8, -11, -12, -13, -13, -13, -12, -10, -9, -7, -7, -7, -7, -7, -8, -8, -8, -8, -8, -8, -8, -8, -8, -8, -8, -8, -8, -8, -8, -8, -8, -8, -8, -8, -8, -8, -8, -8, -8, -8, -8, -8, -8, -8, -8, -8, -8, -8, -8, -8, -8, -8, -8, -8, -8, -8, -8, -8, -8, -8, -8, -8, -8, -8, -4, 1, 7, 16, 29, 34, 41, 46, 55, 59, 63, 67, 78, 85, 93, 105, 131, 146, 160, 175, 203, 218, 232, 246, 261, 289, 301, 312, 321, 338, 350, 365, 381, 412, 429, 446, 462, 489, 498, 507, 514, 527, 532, 538, 543]","[429, 429, 429, 429, 429, 429, 429, 429, 429, 429, 429, 429, 429, 429, 429, 429, 429, 429, 428, 425, 417, 410, 391, 381, 370, 357, 337, 327, 317, 309, 292, 285, 276, 270, 256, 251, 246, 241, 230, 227, 226, 226, 226, 226, 226, 226, 226, 226, 226, 226, 226, 226, 226, 226, 226, 226, 226, 226, 226, 226, 226, 226, 226, 226, 226, 226, 226, 226, 226, 226, 226, 226, 226, 226, 226, 226, 226, 226, 226, 226, 226, 226, 226, 226, 226, 226, 226, 226, 226, 221, 215, 209, 202, 190, 184, 177, 170, 157, 149, 140, 131, 110, 99, 87, 73, 43, 27, 11, -8, -39, -57, -74, -90, -105, -133, -147, -159, -171, -195, -209, -221, -234, -256, -268, -280, -291, -309, -317, -324, -330, -341, -346, -352, -356]"
"Säugetier","Vogel","Säugetier","Typical","Pferd","95.4545454545","95.4545454545","22","1286.90909091","1286.90909091","white","no","legacy","legacy","legacy","0","6","relative","1","Säugetier","Ziel","NA","NA","1","1","undefined","undefined","21","2","0","21","0","0","0","0","0","21","2","21","2","0","0","0","22","0","0","0","21","2","21","2","21","0","2","21","Thu 06 Feb 2020 10:27:37 AM CET","Default description","yes","Links","simplified_classification.osexp","/home/experiment/Desktop/classification","no","sans","no","24","no","black","no","Ja","yes","1050","170","170","190","330","0","legacy","18","2","2","/home/experiment/Desktop/classification/subject-17.csv","legacy","Ja","Kafkaesque Koffka","3.2.8b1","0","Säugetier","NA","Säugetier","Ziel","Start","Start","1330","NA","1330","810","2214","1438","2","legacy","1024","2","48000","-16","experiment","17","odd","legacy","292961","76603","295709","NA","293487","NA","NA","2618","67151","289344","75786","287123","74340","2618","132836","77128","312499","146999","NA","101158","285116","75786","287122","74340","289344","293486","74333","285109","[289344.0, 289354.0, 289364.0, 289374.0, 289384.0, 289394.0, 289404.0, 289414.0, 289424.0, 289434.0, 289444.0, 289454.0, 289464.0, 289474.0, 289484.0, 289494.0, 289504.0, 289514.0, 289524.0, 289534.0, 289544.0, 289554.0, 289564.0, 289574.0, 289584.0, 289594.0, 289604.0, 289614.0, 289624.0, 289634.0, 289644.0, 289654.0, 289664.0, 289674.0, 289684.0, 289694.0, 289704.0, 289714.0, 289724.0, 289734.0, 289744.0, 289754.0, 289764.0, 289774.0, 289784.0, 289794.0, 289804.0, 289814.0, 289824.0, 289834.0, 289844.0, 289854.0, 289864.0, 289874.0, 289884.0, 289894.0, 289904.0, 289914.0, 289924.0, 289934.0, 289944.0, 289954.0, 289964.0, 289974.0, 289984.0, 289994.0, 290004.0, 290014.0, 290024.0, 290034.0, 290044.0, 290054.0, 290064.0, 290074.0, 290084.0, 290094.0, 290104.0, 290114.0, 290124.0, 290134.0, 290144.0, 290154.0, 290164.0, 290174.0, 290184.0, 290194.0, 290204.0, 290214.0, 290224.0, 290234.0, 290244.0, 290254.0, 290264.0, 290274.0, 290284.0, 290294.0, 290304.0, 290314.0, 290324.0, 290334.0, 290344.0, 290354.0, 290364.0, 290374.0, 290384.0, 290394.0, 290404.0, 290414.0, 290424.0, 290434.0, 290444.0, 290454.0, 290464.0, 290474.0, 290484.0, 290494.0, 290504.0, 290514.0, 290524.0, 290534.0, 290544.0, 290554.0, 290564.0, 290574.0, 290584.0, 290594.0, 290604.0, 290614.0, 290624.0, 290634.0, 290644.0, 290654.0, 290664.0, 290674.0]","confidence_categorization","21","28312","22","yes","1680","[18, 18, 18, 18, 18, 18, 18, 18, 18, 18, 18, 18, 18, 18, 18, 18, 18, 18, 18, 15, 14, 9, 2, -2, -6, -8, -11, -12, -13, -13, -13, -12, -10, -9, -7, -7, -7, -7, -7, -8, -8, -8, -8, -8, -8, -8, -8, -8, -8, -8, -8, -8, -8, -8, -8, -8, -8, -8, -8, -8, -8, -8, -8, -8, -8, -8, -8, -8, -8, -8, -8, -8, -8, -8, -8, -8, -8, -8, -8, -8, -8, -8, -8, -8, -8, -8, -8, -8, -8, -4, 1, 7, 16, 29, 34, 41, 46, 55, 59, 63, 67, 78, 85, 93, 105, 131, 146, 160, 175, 203, 218, 232, 246, 261, 289, 301, 312, 321, 338, 350, 365, 381, 412, 429, 446, 462, 489, 498, 507, 514, 527, 532, 538, 543]","[429, 429, 429, 429, 429, 429, 429, 429, 429, 429, 429, 429, 429, 429, 429, 429, 429, 429, 428, 425, 417, 410, 391, 381, 370, 357, 337, 327, 317, 309, 292, 285, 276, 270, 256, 251, 246, 241, 230, 227, 226, 226, 226, 226, 226, 226, 226, 226, 226, 226, 226, 226, 226, 226, 226, 226, 226, 226, 226, 226, 226, 226, 226, 226, 226, 226, 226, 226, 226, 226, 226, 226, 226, 226, 226, 226, 226, 226, 226, 226, 226, 226, 226, 226, 226, 226, 226, 226, 226, 221, 215, 209, 202, 190, 184, 177, 170, 157, 149, 140, 131, 110, 99, 87, 73, 43, 27, 11, -8, -39, -57, -74, -90, -105, -133, -147, -159, -171, -195, -209, -221, -234, -256, -268, -280, -291, -309, -317, -324, -330, -341, -346, -352, -356]"
